code,trade_date,open,high,low,close,volume,amount,turn,pe_ttm
sh.600000,2026-06-29,8.75,8.78,8.49,8.73,68098356,588719704.13,0.2045,5.782816
sh.600000,2026-06-30,8.69,8.7,8.49,8.61,68434092,586217640.47,0.2055,5.703327
sh.600004,2026-06-29,7.44,7.49,7.18,7.44,18210068,134110413.5,0.7694,14.307621
sh.600004,2026-06-30,7.4,7.44,7.2,7.26,16940840,123464628.83,0.7158,13.961468
sh.600006,2026-06-29,5.16,5.23,5.02,5.17,18626015,95835984.63,0.9313,-24.314245
sh.600006,2026-06-30,5.19,5.22,5.09,5.13,12823100,65978858.0,0.6412,-24.126127
sh.600007,2026-06-29,18.93,19.43,18.54,19.31,3808103,72743317.65,0.3781,16.258807
sh.600007,2026-06-30,19.24,19.42,18.7,18.98,2605514,49584865.74,0.2587,15.980951
sh.600008,2026-06-29,2.77,2.79,2.7,2.76,90637689,248565889.09,1.2347,11.240029
sh.600008,2026-06-30,2.75,2.75,2.68,2.72,76284724,206604687.44,1.0392,11.07713
sh.600009,2026-06-29,23.16,23.55,22.55,23.29,14803311,342473225.17,0.7234,26.637772
sh.600009,2026-06-30,23.23,23.32,22.9,23.1,9857709,227138916.34,0.4817,26.420461
sh.600010,2026-06-29,2.21,2.23,2.15,2.19,546436200,1199366687.23,1.7448,-738.918641
sh.600010,2026-06-30,2.19,2.23,2.16,2.23,559546568,1223454861.56,1.7866,-752.414871
sh.600011,2026-06-29,7.27,7.55,7.14,7.48,164571917,1212932960.16,1.4964,8.435025
sh.600011,2026-06-30,7.47,7.69,7.42,7.59,151636038,1139916837.59,1.3788,8.55907
sh.600012,2026-06-29,15.98,16.1,15.5,16.0,4268400,67702374.0,0.3662,14.676096
sh.600012,2026-06-30,15.84,16.18,15.58,15.76,3865950,60937210.5,0.3317,14.455955
sh.600015,2026-06-29,6.51,6.54,6.34,6.52,99866985,642292473.26,0.649,3.825591
sh.600015,2026-06-30,6.49,6.52,6.38,6.39,65439925,420851658.02,0.4253,3.749314
sh.600016,2026-06-29,3.29,3.3,3.22,3.29,238133623,776731978.09,0.6715,4.910317
sh.600016,2026-06-30,3.28,3.29,3.2,3.22,258994662,837027766.9,0.7303,4.805842
sh.600017,2026-06-29,2.53,2.55,2.47,2.55,26344600,66265591.0,0.8566,17.88411
sh.600017,2026-06-30,2.55,2.56,2.49,2.5,20842153,52387751.0,0.6776,17.533441
sh.600018,2026-06-29,4.72,4.84,4.64,4.83,57311322,272164867.05,0.2465,8.22844
sh.600018,2026-06-30,4.8,4.81,4.71,4.72,48194396,228072396.16,0.2073,8.041043
sh.600019,2026-06-29,5.39,5.61,5.3,5.54,112965881,619234817.64,0.5275,11.90527
sh.600019,2026-06-30,5.51,5.56,5.39,5.43,75366963,410746780.75,0.352,11.668884
sh.600020,2026-06-29,3.81,3.81,3.71,3.78,11235855,42231935.16,0.5,13.279171
sh.600020,2026-06-30,3.76,3.78,3.64,3.69,12782628,47099540.17,0.5688,12.963001
sh.600021,2026-06-29,14.99,15.18,14.46,14.76,52206005,770174147.81,1.85,16.623748
sh.600021,2026-06-30,14.67,15.12,14.44,15.07,39927310,590170763.71,1.4149,16.972892
sh.600022,2026-06-29,1.23,1.25,1.21,1.24,69465242,85707269.28,0.6493,-604.288258
sh.600022,2026-06-30,1.24,1.26,1.23,1.24,76368147,95045865.15,0.7138,-604.288258
sh.600023,2026-06-29,5.23,5.3,5.14,5.28,46287488,242352780.24,0.3452,9.566241
sh.600023,2026-06-30,5.23,5.29,5.18,5.26,41507350,217170080.78,0.3096,9.530005
sh.600025,2026-06-29,8.81,9.01,8.66,8.96,31298904,277974202.68,0.168,19.549272
sh.600025,2026-06-30,8.95,8.97,8.79,8.89,22220986,197121366.96,0.1193,19.396544
sh.600026,2026-06-29,19.38,19.66,18.61,18.7,92683728,1761363195.59,2.4214,18.594078
sh.600026,2026-06-30,18.3,18.83,17.86,17.94,82346594,1489782571.5,2.1513,17.838383
sh.600027,2026-06-29,4.43,4.54,4.34,4.53,102912471,458060482.14,1.1167,8.956291
sh.600027,2026-06-30,4.52,4.54,4.4,4.45,87789487,390671388.11,0.9526,8.798123
sh.600028,2026-06-29,4.52,4.61,4.43,4.61,263734455,1198242683.45,0.2783,15.680758
sh.600028,2026-06-30,4.58,4.59,4.45,4.46,260381301,1169906786.12,0.2748,15.170538
sh.600029,2026-06-29,5.35,5.36,5.24,5.3,126671307,670942469.3,0.9399,31.131648
sh.600029,2026-06-30,5.27,5.28,5.11,5.18,152325711,787212791.24,1.1303,30.426781
sh.600030,2026-06-29,28.0,28.92,27.95,28.49,253478658,7202426008.15,2.0817,12.535175
sh.600030,2026-06-30,28.33,28.95,28.32,28.73,220333438,6310883110.79,1.8095,12.640771
sh.600031,2026-06-29,17.61,18.35,17.14,18.02,113099197,2023130910.36,1.3346,19.680025
sh.600031,2026-06-30,17.88,18.13,17.21,17.28,120797458,2103535728.69,1.4254,18.871855
sh.600032,2026-06-29,6.86,7.1,6.8,7.01,36027072,252095884.5,1.4982,37.42629
sh.600032,2026-06-30,6.92,7.1,6.9,7.05,26322257,184879442.44,1.0946,37.63985
sh.600033,2026-06-29,3.31,3.35,3.22,3.32,25314934,83388134.84,0.9224,9.513658
sh.600033,2026-06-30,3.31,3.32,3.22,3.22,16161600,52522827.0,0.5889,9.227102
sh.600035,2026-06-29,3.4,3.45,3.34,3.43,9856472,33417402.02,0.6122,10.991663
sh.600035,2026-06-30,3.43,3.43,3.36,3.37,4487468,15172631.44,0.2787,10.799389
sh.600036,2026-06-29,35.9,36.72,35.4,36.42,108073461,3911537693.99,0.5239,6.093035
sh.600036,2026-06-30,36.37,36.39,35.35,35.5,109903751,3919806245.34,0.5328,5.93912
sh.600037,2026-06-29,6.27,6.33,6.1,6.21,15459322,96093929.1,1.1108,127.968278
sh.600037,2026-06-30,6.2,6.29,6.13,6.27,10724042,66672132.22,0.7705,129.204687
sh.600038,2026-06-29,24.88,25.22,24.36,25.01,6662810,165413756.88,0.996,42.041527
sh.600038,2026-06-30,24.9,25.33,24.88,25.29,6009475,151110146.54,0.8984,42.512203
sh.600039,2026-06-29,7.93,8.04,7.75,7.94,15782288,124949152.54,0.1815,9.837926
sh.600039,2026-06-30,7.93,7.94,7.68,7.82,18261327,142308070.44,0.21,9.689242
sh.600048,2026-06-29,4.75,4.77,4.58,4.72,194296005,911237145.04,1.6231,-309.98698
sh.600048,2026-06-30,4.68,4.71,4.58,4.63,120529986,556853121.68,1.0069,-304.076211
sh.600050,2026-06-29,4.03,4.06,3.93,4.02,157732323,631595990.97,0.509,14.516514
sh.600050,2026-06-30,4.01,4.04,3.96,4.0,131088387,522979199.08,0.423,14.444293
sh.600051,2026-06-29,5.73,5.78,5.52,5.74,5565801,31546252.56,1.7903,23.535406
sh.600051,2026-06-30,5.73,5.78,5.58,5.63,4722600,26703236.0,1.5191,23.084379
sh.600052,2026-06-29,3.52,3.54,3.37,3.46,16536248,56792217.64,1.9588,-6.075136
sh.600052,2026-06-30,3.53,3.71,3.44,3.54,20817600,73940189.0,2.466,-6.215602
sh.600054,2026-06-29,10.75,10.99,10.55,10.9,7256016,78342152.75,1.4136,27.39452
sh.600054,2026-06-30,10.86,10.93,10.68,10.77,4454765,47982612.1,0.8679,27.067796
sh.600055,2026-06-29,10.14,10.48,9.83,10.33,9220319,94524275.83,1.3115,-26.045244
sh.600055,2026-06-30,10.23,10.38,10.09,10.22,6796788,69454522.52,0.9667,-25.767899
sh.600056,2026-06-29,8.55,9.08,8.3,8.96,23202861,203174638.46,1.5517,27.757876
sh.600056,2026-06-30,8.85,8.92,8.68,8.75,13822225,121205658.08,0.9243,27.107301
sh.600057,2026-06-29,5.5,5.58,5.34,5.54,16802130,92422144.24,0.803,12.049453
sh.600057,2026-06-30,5.56,5.56,5.36,5.42,14961874,80998294.98,0.715,11.788454
sh.600058,2026-06-29,11.84,12.45,11.21,11.28,32390337,375456684.51,3.0217,-389.912726
sh.600058,2026-06-30,11.51,11.94,11.08,11.55,27019104,310288444.21,2.5206,-399.245744
sh.600059,2026-06-29,7.39,7.52,7.21,7.47,8192300,60659543.88,0.8987,30.221367
sh.600059,2026-06-30,7.45,7.48,7.3,7.32,6338648,46663227.44,0.6954,29.614512
sh.600060,2026-06-29,25.43,27.28,25.27,26.92,24966930,666362456.27,1.9203,14.101776
sh.600060,2026-06-30,26.91,28.6,26.7,27.87,25648718,713483025.63,1.9727,14.599424
sh.600061,2026-06-29,6.51,6.63,6.45,6.57,50185010,328163147.89,0.7849,12.483464
sh.600061,2026-06-30,6.54,6.66,6.47,6.55,47479139,311357809.84,0.7426,12.445463
sh.600062,2026-06-29,15.6,16.77,15.29,16.67,14839432,240296408.79,1.4293,10.653334
sh.600062,2026-06-30,16.5,16.61,16.0,16.04,9671073,156678434.31,0.9315,10.250719
sh.600063,2026-06-29,7.8,8.38,7.59,7.75,171623850,1362894916.14,8.2946,35.441803
sh.600063,2026-06-30,7.68,7.83,7.41,7.6,144433105,1095260514.4,6.9805,34.755833
sh.600064,2026-06-29,7.26,7.26,7.13,7.24,11572043,83470772.67,0.6688,7.097593
sh.600064,2026-06-30,7.23,7.25,7.07,7.13,13624175,97505783.21,0.7874,6.989757
sh.600066,2026-06-29,26.82,27.96,26.23,26.92,27120488,737053847.86,1.225,10.918245
sh.600066,2026-06-30,26.85,27.63,26.64,26.81,17421765,468719881.09,0.7869,10.873631
sh.600067,2026-06-29,2.96,2.97,2.81,2.88,38903636,111705245.75,2.7955,207.756343
sh.600067,2026-06-30,2.86,2.91,2.76,2.9,28624630,81796046.39,2.0569,209.199095
sh.600071,2026-06-29,17.08,17.33,16.49,16.71,6382630,106967534.24,2.2668,173.00382
sh.600071,2026-06-30,16.6,17.22,16.58,17.13,5109030,86983161.28,1.8145,177.35221
sh.600072,2026-06-29,8.54,8.54,8.27,8.47,24510953,206129561.68,2.2625,-3.881215
sh.600072,2026-06-30,8.47,8.63,8.42,8.49,16886301,143584490.59,1.5587,-3.890379
sh.600073,2026-06-29,4.61,4.78,4.54,4.72,9912712,46464359.22,1.0571,-17.810463
sh.600073,2026-06-30,4.72,4.75,4.63,4.66,5874800,27438693.0,0.6265,-17.584058
sh.600075,2026-06-29,4.04,4.2,3.93,4.14,37072494,150346371.15,2.1708,-71.456079
sh.600075,2026-06-30,4.18,4.22,4.03,4.04,41826582,171068185.9,2.4492,-69.730087
sh.600076,2026-06-29,3.09,3.13,2.89,3.01,42148960,124163948.6,3.1348,-10.350952
sh.600076,2026-06-30,2.98,3.31,2.95,3.31,42826059,137161270.95,3.1852,-11.382609
sh.600078,2026-06-29,14.72,15.3,13.66,14.07,64144733,923934624.2,9.6812,132.303078
sh.600078,2026-06-30,13.83,14.34,13.5,14.21,49824971,698247255.05,7.5199,133.619526
sh.600081,2026-06-29,9.08,9.13,8.81,9.02,3124590,28079469.16,0.565,218.269944
sh.600081,2026-06-30,8.99,9.2,8.97,9.08,2498460,22630547.4,0.4518,219.72185
sh.600085,2026-06-29,22.4,23.88,21.87,23.55,17861215,414177850.12,1.3023,29.951599
sh.600085,2026-06-30,23.46,23.58,22.87,23.11,9611319,221899976.51,0.7008,29.391993
sh.600088,2026-06-29,10.9,11.09,10.63,10.99,7743467,84340059.35,1.947,-531.327976
sh.600088,2026-06-30,10.78,11.08,10.76,10.89,5266000,57314334.6,1.3241,-526.493326
sh.600089,2026-06-29,22.29,22.86,21.98,22.57,117696178,2640227313.83,2.3293,18.487296
sh.600089,2026-06-30,22.3,22.54,22.04,22.5,94414520,2106820753.81,1.8686,18.429959
sh.600094,2026-06-29,3.6,3.61,3.5,3.56,16027462,57102688.96,0.7538,57.366808
sh.600094,2026-06-30,3.51,3.57,3.45,3.46,16442187,57333212.02,0.7733,55.75538
sh.600095,2026-06-29,7.57,7.66,7.42,7.54,25402153,191742343.71,0.8884,49.101196
sh.600095,2026-06-30,7.54,7.65,7.41,7.53,23278680,175448226.37,0.8142,49.036075
sh.600096,2026-06-29,32.13,32.96,31.0,31.96,47691065,1522371117.93,2.6161,11.013415
sh.600096,2026-06-30,31.65,31.65,30.07,30.4,60954663,1860171819.51,3.3437,10.475839
sh.600097,2026-06-29,7.94,8.04,7.62,7.94,3110800,24471428.0,1.2911,74.130198
sh.600097,2026-06-30,7.93,7.99,7.71,7.78,3271300,25556466.0,1.3577,72.63639
sh.600098,2026-06-29,6.03,6.05,5.85,6.02,23739041,141763653.22,0.6771,8.784539
sh.600098,2026-06-30,6.01,6.02,5.88,5.91,17123000,101301983.0,0.4884,8.624024
sh.600099,2026-06-29,8.12,8.18,7.79,8.13,4811460,38592453.2,2.1958,70.633605
sh.600099,2026-06-30,8.17,8.23,7.9,7.98,3211437,25809790.56,1.4656,69.330402
sh.600100,2026-06-29,6.52,6.58,6.34,6.53,34389438,222745362.9,1.0265,65.995942
sh.600100,2026-06-30,6.59,7.03,6.55,6.85,45069406,306628330.16,1.3452,69.230046
sh.600101,2026-06-29,7.88,8.06,7.72,7.96,12363119,97758991.74,2.2566,23.666139
sh.600101,2026-06-30,7.95,8.02,7.82,7.89,11126259,87687616.9,2.0308,23.458019
sh.600103,2026-06-29,3.09,3.1,2.97,3.02,93239420,280508953.7,4.2145,172.810621
sh.600103,2026-06-30,3.02,3.11,2.96,3.07,92919946,285026335.13,4.2001,175.671724
sh.600104,2026-06-29,9.66,9.88,9.44,9.82,77127895,748338762.4,0.671,11.167062
sh.600104,2026-06-30,9.76,9.85,9.62,9.76,54858740,533012904.75,0.4772,11.098831
sh.600105,2026-06-29,66.76,67.38,59.99,63.1,127847024,8086370496.07,8.7447,898.334767
sh.600105,2026-06-30,63.81,67.9,61.96,67.48,107133337,7025450929.0,7.3279,960.691443
sh.600106,2026-06-29,4.62,4.7,4.5,4.65,14934255,68973877.42,1.1237,72.58244
sh.600106,2026-06-30,4.63,4.77,4.55,4.58,14506761,67242982.22,1.0915,71.489801
sh.600108,2026-06-29,3.11,3.15,2.98,3.07,85805173,262564695.59,4.4072,112.102236
sh.600108,2026-06-30,3.05,3.05,2.92,2.96,84002091,249419907.21,4.3146,108.085544
sh.600109,2026-06-29,8.68,8.88,8.65,8.72,38458339,336517982.21,1.0379,13.538496
sh.600109,2026-06-30,8.68,8.88,8.66,8.78,34405908,302204231.78,0.9285,13.631651
sh.600110,2026-06-29,15.0,16.08,14.4,14.73,194758980,2921913788.5,11.2241,-115.786819
sh.600110,2026-06-30,14.66,15.2,14.42,15.09,163486159,2431489626.22,9.4219,-118.616639
sh.600111,2026-06-29,47.0,47.7,46.75,47.62,79788109,3767167589.24,2.2071,62.865297
sh.600111,2026-06-30,47.39,48.1,46.7,48.05,81304302,3858950542.67,2.249,63.432959
sh.600113,2026-06-29,27.34,30.16,26.17,30.16,9966440,280646121.8,2.4224,90.37986
sh.600113,2026-06-30,31.38,33.18,30.68,33.18,10914417,357583125.18,2.6528,99.429832
sh.600114,2026-06-29,39.91,40.66,36.26,36.89,46253941,1744196403.33,7.5041,42.352924
sh.600114,2026-06-30,36.99,38.6,36.71,37.76,27979471,1051939506.58,4.5393,43.35176
sh.600115,2026-06-29,4.01,4.05,3.88,3.95,212458991,837644386.45,1.2479,87.684985
sh.600115,2026-06-30,3.92,3.93,3.76,3.81,316874553,1213882347.56,1.8612,84.577163
sh.600116,2026-06-29,5.59,5.66,5.45,5.61,14766400,82246267.0,0.7722,22.699395
sh.600116,2026-06-30,5.6,5.62,5.53,5.6,10692904,59540333.24,0.5592,22.658933
sh.600117,2026-06-29,2.03,2.1,2.0,2.07,13209331,27106368.56,0.4058,-6.716383
sh.600117,2026-06-30,2.06,2.08,2.02,2.04,10673600,21742255.0,0.3279,-6.619044
sh.600118,2026-06-29,78.0,81.8,74.93,81.02,88636596,6957818695.12,7.4958,5643.582683
sh.600118,2026-06-30,82.0,84.17,80.75,82.05,76489296,6296589205.61,6.4685,5715.329044
sh.600120,2026-06-29,4.36,4.37,4.24,4.3,30381056,130662820.23,0.8895,15.858322
sh.600120,2026-06-30,4.28,4.38,4.25,4.3,30261916,130447067.92,0.886,15.858322
sh.600121,2026-06-29,3.6,3.68,3.52,3.65,37500417,135373805.54,3.0778,-4.184407
sh.600121,2026-06-30,3.6,3.66,3.51,3.58,40124186,143496110.1,3.2932,-4.104159
sh.600123,2026-06-29,5.48,5.58,5.33,5.48,22972855,125128362.56,1.5593,-13.438634
sh.600123,2026-06-30,5.47,5.48,5.3,5.34,20419622,109317580.14,1.386,-13.095311
sh.600125,2026-06-29,5.15,5.22,5.02,5.2,13521860,69474006.0,1.0357,12.593948
sh.600125,2026-06-30,5.18,5.2,5.07,5.07,9432600,48197573.0,0.7225,12.279099
sh.600126,2026-06-29,6.01,6.43,5.96,6.08,56100465,344125196.15,1.6612,298.699097
sh.600126,2026-06-30,6.1,6.24,5.98,6.13,50351976,308673901.15,1.4909,301.155504
sh.600127,2026-06-29,5.13,5.22,5.03,5.19,12311901,63355511.09,1.9184,-638.671058
sh.600127,2026-06-30,5.17,5.22,5.11,5.2,9376900,48440992.0,1.4611,-639.901638
sh.600128,2026-06-29,7.7,7.82,7.41,7.76,5014500,38390282.0,2.0321,33.661906
sh.600128,2026-06-30,7.77,7.83,7.56,7.59,3947200,30129146.0,1.5996,32.924467
sh.600129,2026-06-29,11.78,13.05,11.56,13.05,17236372,216100042.67,3.1258,64.453426
sh.600129,2026-06-30,13.05,13.7,12.95,13.57,27427118,366282552.12,4.9739,67.021685
sh.600130,2026-06-29,4.48,4.5,4.29,4.37,24939324,109068168.88,3.3252,571.982694
sh.600130,2026-06-30,4.32,4.53,4.32,4.43,24632401,109618732.44,3.2843,579.836003
sh.600131,2026-06-29,14.85,15.03,14.55,14.81,9389542,139139389.09,0.7851,27.055506
sh.600131,2026-06-30,14.72,14.82,14.5,14.6,8665787,126657442.84,0.7246,26.671869
sh.600132,2026-06-29,41.3,43.1,40.35,42.3,5073796,212794307.94,1.0484,17.117965
sh.600132,2026-06-30,42.3,42.32,40.89,41.3,3723420,153813396.2,0.7693,16.713285
sh.600133,2026-06-29,8.11,8.16,7.89,7.92,22221459,176851800.25,2.0841,30.467379
sh.600133,2026-06-30,7.88,8.0,7.81,7.9,13962723,110134227.28,1.3095,30.390442
sh.600135,2026-06-29,7.8,7.82,7.45,7.7,11006758,84050750.75,1.9893,-45.394287
sh.600135,2026-06-30,7.65,8.08,7.57,7.99,10587310,83615287.88,1.9135,-47.103942
sh.600137,2026-06-29,16.46,16.79,15.7,16.71,3331400,54316719.0,3.4267,52.680782
sh.600137,2026-06-30,16.68,16.83,16.11,16.23,1541000,25206559.98,1.5851,51.16751
sh.600138,2026-06-29,6.53,6.63,6.35,6.62,15087018,98350531.57,2.0843,59.66466
sh.600138,2026-06-30,6.6,6.62,6.47,6.53,7643555,49877718.4,1.056,58.853509
sh.600141,2026-06-29,49.8,50.78,45.6,47.88,116452697,5577077796.92,9.6903,40.01094
sh.600141,2026-06-30,46.5,47.6,44.6,46.97,82548619,3803492870.44,6.8691,39.250498
sh.600143,2026-06-29,15.5,15.5,14.63,14.95,46439113,693886004.63,1.7625,33.073957
sh.600143,2026-06-30,15.0,15.79,14.75,15.45,48846430,743594197.58,1.8539,34.18011
sh.600148,2026-06-29,14.54,14.73,14.06,14.54,2296134,33121104.02,1.6225,124.694751
sh.600148,2026-06-30,14.66,14.8,14.36,14.51,1748600,25395011.0,1.2356,124.437472
sh.600149,2026-06-29,4.46,4.54,4.32,4.52,10787700,48041813.0,2.8377,106.799996
sh.600149,2026-06-30,4.55,4.6,4.4,4.49,10338600,46613598.0,2.7195,106.091147
sh.600150,2026-06-29,33.35,33.89,32.87,33.59,90484693,3015548313.11,1.2024,22.357653
sh.600150,2026-06-30,33.3,34.36,32.86,33.79,88822110,2979364142.23,1.1803,22.490774
sh.600151,2026-06-29,11.2,11.4,10.83,11.0,36021683,396052974.12,2.5115,-35.018349
sh.600151,2026-06-30,10.97,11.33,10.88,11.22,35107600,392037861.0,2.4478,-35.718716
sh.600152,2026-06-29,10.39,10.4,9.6,9.69,63056155,618496053.6,11.9181,-48.644875
sh.600152,2026-06-30,9.89,10.18,9.63,9.99,40094159,395885023.05,7.5781,-50.150909
sh.600153,2026-06-29,8.12,8.2,7.79,8.15,26039372,209324439.42,0.8981,-2.209031
sh.600153,2026-06-30,8.12,8.14,7.83,7.93,26097100,207875419.98,0.9,-2.149401
sh.600155,2026-06-29,5.46,5.55,5.39,5.47,24887909,136430312.08,1.1243,47.915055
sh.600155,2026-06-30,5.48,5.65,5.43,5.52,24932981,138148292.08,1.1264,48.353036
sh.600156,2026-06-29,8.19,8.3,7.95,8.05,14304800,115372599.0,3.5574,-113.561728
sh.600156,2026-06-30,8.61,8.66,7.96,8.32,19885758,164082678.4,4.9453,-117.370631
sh.600157,2026-06-29,1.53,1.56,1.51,1.55,584093328,898964840.36,2.6771,154.142105
sh.600157,2026-06-30,1.56,1.62,1.53,1.61,676456940,1064384891.88,3.1005,160.108896
sh.600158,2026-06-29,6.81,6.89,6.61,6.77,50835647,343381828.55,5.2981,-33.87602
sh.600158,2026-06-30,6.77,6.84,6.66,6.74,43687982,294084482.97,4.5531,-33.725904
sh.600159,2026-06-29,2.27,2.27,2.16,2.24,17372081,38633794.87,2.093,-6.919253
sh.600159,2026-06-30,2.24,2.28,2.18,2.21,14727100,32774622.0,1.7743,-6.826585
sh.600160,2026-06-29,53.0,54.9,48.22,53.8,133873139,6904309536.65,4.9587,34.97888
sh.600160,2026-06-30,52.0,55.0,51.13,53.01,99923058,5282766195.17,3.7012,34.465249
sh.600161,2026-06-29,11.41,11.88,11.12,11.82,21162668,246350380.27,1.0702,24.032008
sh.600161,2026-06-30,11.82,11.83,11.42,11.58,13404634,155231574.49,0.6779,23.544049
sh.600162,2026-06-29,3.09,3.2,2.9,2.94,216658344,648872528.49,6.6288,-109.659743
sh.600162,2026-06-30,2.87,2.91,2.73,2.8,166956537,469531786.6,5.1081,-104.437851
sh.600163,2026-06-29,4.9,5.07,4.87,5.06,23851045,119121278.27,1.2533,20.631636
sh.600163,2026-06-30,5.3,5.3,5.08,5.15,28818701,148499207.12,1.5144,20.998602
sh.600166,2026-06-29,2.98,2.99,2.82,2.94,142090872,412644562.46,1.7947,16.282359
sh.600166,2026-06-30,2.91,2.94,2.86,2.91,98371050,284698053.89,1.2425,16.116212
sh.600167,2026-06-29,5.35,5.4,5.24,5.36,7514262,40049825.13,0.3321,20.195065
sh.600167,2026-06-30,5.47,5.61,5.42,5.59,11914191,65693432.77,0.5265,21.061645
sh.600168,2026-06-29,4.07,4.11,3.93,4.06,6583960,26390665.4,0.6628,39.176662
sh.600168,2026-06-30,4.07,4.11,3.97,4.04,4035519,16202857.39,0.4062,38.983674
sh.600170,2026-06-29,2.22,2.25,2.16,2.24,144589174,319579608.8,1.6272,14.041677
sh.600170,2026-06-30,2.23,2.24,2.19,2.22,115529904,255196364.45,1.3001,13.916305
sh.600171,2026-06-29,30.4,31.5,29.57,30.88,42060920,1288330020.13,5.9331,99.389827
sh.600171,2026-06-30,30.48,32.0,30.18,31.94,49880649,1567491707.85,7.0361,102.801525
sh.600172,2026-06-29,16.77,17.0,15.41,16.16,207967108,3351252514.12,16.2951,-26.509054
sh.600172,2026-06-30,16.0,16.94,15.63,16.8,199412352,3288651532.27,15.6248,-27.558918
sh.600173,2026-06-29,5.9,6.09,5.79,5.94,6168300,36731759.0,0.8807,-19.806279
sh.600173,2026-06-30,5.93,5.99,5.83,5.91,5311151,31305661.79,0.7583,-19.706247
sh.600176,2026-06-29,75.53,75.53,66.8,70.98,249664062,17478062056.19,6.2367,74.34018
sh.600176,2026-06-30,68.5,76.99,68.01,72.88,221875437,15990560070.32,5.5425,76.330126
sh.600177,2026-06-29,7.48,7.62,7.29,7.6,31926862,239454835.61,0.7089,13.695596
sh.600177,2026-06-30,7.59,7.59,7.4,7.53,21940102,164049698.48,0.4872,13.569452
sh.600178,2026-06-29,10.1,10.1,9.57,9.67,14568100,141735467.0,3.123,-405.907328
sh.600178,2026-06-30,9.53,9.96,9.19,9.83,13425301,127991343.31,2.878,-412.623478
sh.600179,2026-06-29,4.65,4.65,4.35,4.48,69606558,311447672.29,1.8022,17.25961
sh.600179,2026-06-30,4.43,4.52,4.36,4.4,39080654,172721570.41,1.0119,16.951403
sh.600182,2026-06-29,12.76,12.91,12.41,12.8,1844600,23338976.24,1.0851,19.704492
sh.600182,2026-06-30,12.7,13.0,12.52,12.84,1931301,24746429.8,1.1361,19.766068
sh.600183,2026-06-29,178.5,182.68,162.9,171.16,74837544,12779175470.3,3.1254,105.835234
sh.600183,2026-06-30,171.0,178.15,168.11,173.4,67645095,11720608035.38,2.825,107.220317
sh.600184,2026-06-29,29.7,31.56,28.46,29.1,61596731,1850480219.25,10.5704,330.91765
sh.600184,2026-06-30,29.79,32.01,29.62,32.01,42705657,1317062752.46,7.3286,364.009415
sh.600185,2026-06-29,4.51,4.57,4.41,4.52,21510263,96839219.72,1.1411,-9.473112
sh.600185,2026-06-30,4.53,4.56,4.45,4.5,16525339,74411388.36,0.8767,-9.431195
sh.600186,2026-06-29,14.14,14.58,13.25,13.32,223680417,3054793184.01,12.5021,67.916855
sh.600186,2026-06-30,13.35,14.2,12.97,14.0,176513334,2411267277.13,9.8658,71.384081
sh.600188,2026-06-29,17.98,18.49,17.58,18.42,52705339,956271200.7,0.8841,19.351849
sh.600188,2026-06-30,18.35,18.39,17.44,17.77,57678047,1021023709.07,0.9675,18.668966
sh.600189,2026-06-29,7.43,7.68,7.34,7.51,14143665,106452618.35,1.9776,268.395678
sh.600189,2026-06-30,7.51,7.64,7.38,7.53,12361779,92980925.09,1.7284,269.110447
sh.600191,2026-06-29,9.6,9.77,8.94,9.32,16637181,155504536.0,3.4308,65.770926
sh.600191,2026-06-30,9.32,9.57,9.01,9.1,10260354,94719807.7,2.1158,64.218393
sh.600192,2026-06-29,6.57,6.73,6.3,6.56,10105500,65482315.0,2.2876,-7.941658
sh.600192,2026-06-30,6.52,6.62,6.38,6.6,7981295,52197964.4,1.8068,-7.990083
sh.600195,2026-06-29,5.91,6.08,5.76,6.07,8848900,52796886.0,0.8666,47.142535
sh.600195,2026-06-30,6.03,6.06,5.85,5.9,7672661,45335854.03,0.7514,45.822233
sh.600196,2026-06-29,21.12,22.75,20.85,22.73,51353083,1140390847.05,2.424,17.459111
sh.600196,2026-06-30,22.73,22.73,22.07,22.47,34605574,773149332.41,1.6335,17.259403
sh.600197,2026-06-29,9.46,9.73,9.2,9.72,6851020,65433634.92,1.4479,25.975642
sh.600197,2026-06-30,9.65,9.74,9.49,9.6,5035300,48343452.0,1.0642,25.654955
sh.600198,2026-06-29,9.63,9.77,8.99,9.24,60998187,569018184.72,4.6851,-246.666244
sh.600198,2026-06-30,9.08,9.7,8.8,9.65,64700751,607207836.56,4.9695,-257.611391
sh.600199,2026-06-29,6.16,6.45,6.09,6.3,13275997,83422131.58,2.0183,-23.695366
sh.600199,2026-06-30,6.26,6.32,6.03,6.11,13043744,79896574.1,1.9829,-22.980744
sh.600201,2026-06-29,11.49,12.05,11.2,11.85,25689016,302144546.9,2.3107,126.342771
sh.600201,2026-06-30,11.85,11.85,11.42,11.65,17136331,198353514.07,1.5414,124.210403
sh.600202,2026-06-29,4.61,4.73,4.38,4.57,10560800,47970660.0,2.7549,-130.354545
sh.600202,2026-06-30,4.58,4.61,4.44,4.48,8640500,38968653.0,2.254,-127.787388
sh.600203,2026-06-29,12.08,12.2,11.31,11.63,31973435,372394428.5,5.3919,180.538493
sh.600203,2026-06-30,11.6,12.21,11.52,12.15,25761727,308793985.35,4.3444,188.610721
sh.600206,2026-06-29,58.98,66.29,57.6,66.27,155778029,9672295378.9,18.4014,196.380168
sh.600206,2026-06-30,64.52,69.4,59.66,66.6,144875389,9298783417.95,17.1136,197.358068
sh.600207,2026-06-29,5.6,5.89,5.46,5.51,32541232,182464208.2,2.9873,-7.816466
sh.600207,2026-06-30,5.49,5.89,5.41,5.86,42167043,243557641.47,3.871,-8.312975
sh.600208,2026-06-29,2.84,2.87,2.78,2.83,99104436,279392345.88,1.1648,158.8081
sh.600208,2026-06-30,2.81,2.89,2.78,2.83,99771558,282761918.34,1.1727,158.8081
sh.600210,2026-06-29,6.28,6.28,6.05,6.23,16516198,101969074.66,1.0889,8.697783
sh.600210,2026-06-30,6.21,6.25,6.12,6.2,11212434,69210295.78,0.7392,8.655899
sh.600211,2026-06-29,35.88,38.34,34.8,38.0,6400639,238434958.56,1.9858,12.661393
sh.600211,2026-06-30,37.6,38.2,37.31,37.39,4125300,155177137.77,1.2799,12.458144
sh.600212,2026-06-29,5.22,5.32,5.0,5.21,10746500,55323504.0,2.0231,1707.992819
sh.600212,2026-06-30,5.2,5.3,5.12,5.2,10808400,56238849.0,2.0348,1704.714522
sh.600215,2026-06-29,5.76,5.85,5.53,5.68,9253664,52386418.45,2.0254,-7.268409
sh.600215,2026-06-30,5.73,5.81,5.61,5.8,6932964,39781193.32,1.5174,-7.421967
sh.600216,2026-06-29,11.3,11.75,10.94,11.71,22847836,261914951.36,2.4015,14.988244
sh.600216,2026-06-30,11.67,11.7,11.32,11.4,15681200,179214771.94,1.6482,14.591459
sh.600217,2026-06-29,2.85,2.88,2.77,2.84,12300169,34839652.33,0.742,-7.737339
sh.600217,2026-06-30,2.83,2.88,2.8,2.82,10160936,28805761.54,0.613,-7.68285
sh.600218,2026-06-29,7.29,7.38,7.09,7.29,7567600,54824198.0,1.7373,48.259177
sh.600218,2026-06-30,7.3,7.4,7.19,7.22,5009411,36356599.2,1.15,47.795783
sh.600219,2026-06-29,4.09,4.16,4.0,4.12,161321582,659922127.69,1.4048,11.448564
sh.600219,2026-06-30,4.04,4.06,3.95,3.99,203337949,811603465.83,1.7707,11.087323
sh.600221,2026-06-29,1.4,1.4,1.36,1.38,292452168,403214445.49,0.6826,17.374283
sh.600221,2026-06-30,1.37,1.38,1.35,1.35,276718041,376268169.35,0.6459,16.996581
sh.600222,2026-06-29,6.73,7.25,6.73,7.25,11772001,84136671.25,2.0513,68.133246
sh.600222,2026-06-30,7.9,7.9,7.07,7.26,38918606,284973616.8,6.7816,68.227223
sh.600223,2026-06-29,5.0,5.15,4.89,5.11,11161899,56382356.87,1.098,30.74916
sh.600223,2026-06-30,5.12,5.14,4.98,5.03,7056700,35503396.0,0.6942,30.267765
sh.600226,2026-06-29,10.56,10.94,9.49,9.57,326417673,3242223511.15,10.9743,140.470655
sh.600226,2026-06-30,9.4,9.77,9.25,9.59,250719980,2377833695.96,8.4293,140.76422
sh.600227,2026-06-29,2.46,2.49,2.39,2.47,49931700,122145629.0,3.9082,-16.145247
sh.600227,2026-06-30,2.48,2.48,2.4,2.44,40212200,97970040.0,3.1475,-15.949151
sh.600229,2026-06-29,4.71,4.75,4.56,4.67,7581894,35269461.86,1.1475,-7.1182
sh.600229,2026-06-30,4.73,4.75,4.57,4.64,6817500,31628790.0,1.0318,-7.072473
sh.600230,2026-06-29,13.62,13.87,13.26,13.56,10963240,148399322.29,2.6484,69.677373
sh.600230,2026-06-30,13.41,13.42,12.91,13.02,16143406,210214557.0,3.8997,66.90261
sh.600231,2026-06-29,1.63,1.65,1.58,1.63,29987495,48610104.9,1.0572,-2.622816
sh.600231,2026-06-30,1.64,1.65,1.57,1.59,20820500,33238475.54,0.7341,-2.558452
sh.600232,2026-06-29,6.53,6.64,6.23,6.44,8389301,53692136.37,2.3002,64.117208
sh.600232,2026-06-30,6.42,6.48,6.24,6.3,5318100,33621202.0,1.4581,62.723356
sh.600233,2026-06-29,15.17,15.46,14.9,15.16,25816157,393783643.58,0.7542,10.714821
sh.600233,2026-06-30,15.18,15.85,14.94,15.75,31881490,493838830.74,0.9314,11.131823
sh.600234,2026-06-29,28.55,30.06,27.2,29.15,8448745,243710669.0,3.2183,-374.943455
sh.600234,2026-06-30,29.2,29.45,27.0,27.68,6835200,190543031.0,2.6037,-356.035501
sh.600235,2026-06-29,5.05,5.15,4.86,5.09,7097903,35615295.08,2.0205,179.550132
sh.600235,2026-06-30,5.13,5.16,4.95,4.97,5796000,29088516.0,1.6499,175.317123
sh.600236,2026-06-29,8.84,8.96,8.66,8.85,12872034,113549576.32,0.1633,19.40231
sh.600236,2026-06-30,8.81,8.9,8.65,8.78,12654860,110806001.75,0.1605,19.248846
sh.600237,2026-06-29,13.29,13.95,12.61,13.01,109737339,1451603423.4,17.5688,69.959093
sh.600237,2026-06-30,12.88,14.31,12.57,13.95,118433877,1587874060.12,18.9611,75.013785
sh.600241,2026-06-29,6.51,6.7,6.21,6.54,5558656,35694438.68,1.8888,-13.051528
sh.600241,2026-06-30,6.57,6.63,6.4,6.49,4713400,30528018.0,1.6016,-12.951746
sh.600246,2026-06-29,20.5,21.32,17.97,18.47,198222679,3744775887.89,10.4857,-49.037147
sh.600246,2026-06-30,18.2,19.4,17.8,19.0,134414840,2512867944.2,7.1103,-50.444277
sh.600248,2026-06-29,2.69,2.74,2.61,2.72,18743230,50432928.4,0.5058,-738.73745
sh.600248,2026-06-30,2.71,2.73,2.66,2.67,14874267,39920917.89,0.4014,-725.157717
sh.600249,2026-06-29,4.5,4.58,4.38,4.55,8488200,38155335.0,1.5433,-175.474044
sh.600249,2026-06-30,4.55,4.57,4.4,4.45,7694651,34244538.44,1.399,-171.617471
sh.600250,2026-06-29,7.77,7.87,7.54,7.8,7794400,60199261.0,2.4919,245.372867
sh.600250,2026-06-30,7.77,7.85,7.66,7.71,5430500,41969816.0,1.7361,242.541642
sh.600251,2026-06-29,8.56,8.78,8.42,8.67,9412551,81011113.23,1.2114,14.818817
sh.600251,2026-06-30,8.66,8.67,8.48,8.64,7111866,60882576.36,0.9153,14.767541
sh.600252,2026-06-29,1.76,1.83,1.71,1.82,64221037,114386193.41,2.0169,-14.202272
sh.600252,2026-06-30,1.81,1.83,1.74,1.76,47579644,84643946.0,1.4943,-13.734065
sh.600255,2026-06-29,3.68,3.87,3.46,3.52,164193203,588654750.12,9.0908,165.482847
sh.600255,2026-06-30,3.5,3.54,3.37,3.48,116671421,404315547.51,6.4597,163.60236
sh.600256,2026-06-29,4.79,4.85,4.65,4.83,109459192,519635503.98,1.7124,34.74997
sh.600256,2026-06-30,5.1,5.22,4.91,4.94,220591780,1114501003.16,3.4511,35.541378
sh.600257,2026-06-29,4.37,4.44,4.23,4.41,12747786,55539769.5,2.649,381.174575
sh.600257,2026-06-30,4.4,4.44,4.27,4.33,11141300,48248653.0,2.3151,374.259843
sh.600258,2026-06-29,10.96,11.22,10.56,11.08,25163400,276599410.56,2.2536,14.771493
sh.600258,2026-06-30,11.0,11.04,10.75,10.92,15966248,173726624.21,1.4299,14.558186
sh.600259,2026-06-29,99.96,100.47,91.5,94.56,17999694,1714483436.52,5.3501,126.649192
sh.600259,2026-06-30,93.3,101.85,92.08,101.61,17318570,1685633671.21,5.1477,136.091628
sh.600261,2026-06-29,3.1,3.17,3.07,3.15,9857505,30821612.35,0.7384,30.917975
sh.600261,2026-06-30,3.13,3.14,3.07,3.08,12018392,37197617.44,0.9002,30.230909
sh.600262,2026-06-29,19.55,20.35,18.82,19.74,5290419,103284029.43,3.112,14.766684
sh.600262,2026-06-30,19.49,19.88,19.3,19.79,2891400,56733759.0,1.7008,14.804087
sh.600266,2026-06-29,3.91,3.99,3.79,3.94,36471132,141939828.42,1.757,-27.974158
sh.600266,2026-06-30,3.91,3.96,3.87,3.91,22134350,86327140.79,1.0663,-27.761157
sh.600267,2026-06-29,9.9,10.45,9.59,10.34,31270796,317419563.1,2.6495,17.380389
sh.600267,2026-06-30,10.35,10.35,10.08,10.11,20816620,211473432.9,1.7637,16.993785
sh.600268,2026-06-29,11.7,11.9,11.5,11.81,13787913,162049925.12,1.3578,24.367484
sh.600268,2026-06-30,11.57,11.73,11.45,11.62,10386096,120296558.36,1.0228,23.975459
sh.600269,2026-06-29,3.98,4.07,3.91,4.05,13324802,53309156.1,0.5706,8.396349
sh.600269,2026-06-30,4.05,4.05,3.95,3.98,10097800,40237553.0,0.4324,8.251227
sh.600271,2026-06-29,6.51,6.58,6.39,6.49,14139949,91607384.21,0.7631,-17.350163
sh.600271,2026-06-30,6.51,6.65,6.47,6.58,11779328,77370049.18,0.6357,-17.590766
sh.600272,2026-06-29,10.14,10.47,9.79,10.37,3296508,33739379.52,2.0603,118.385789
sh.600272,2026-06-30,10.4,10.4,10.1,10.14,2637000,26882322.0,1.6481,115.760067
sh.600273,2026-06-29,6.63,6.73,6.57,6.7,16254000,108288601.0,1.2395,10.773696
sh.600273,2026-06-30,6.65,6.7,6.45,6.52,22993361,149550646.01,1.7535,10.484254
sh.600276,2026-06-29,49.01,53.31,48.43,52.93,172756167,8958581323.54,2.7082,43.268311
sh.600276,2026-06-30,52.97,53.45,51.7,52.04,114641266,6000711377.34,1.7972,42.540769
sh.600278,2026-06-29,5.96,6.06,5.82,5.93,6657214,39620086.19,0.7736,27.96192
sh.600278,2026-06-30,5.88,6.01,5.78,5.88,6043200,35425533.0,0.7023,27.726153
sh.600279,2026-06-29,3.7,3.76,3.59,3.72,10972200,40490840.0,0.9245,75.547733
sh.600279,2026-06-30,3.7,3.75,3.62,3.65,10364150,37965149.5,0.8732,74.126136
sh.600280,2026-06-29,2.61,2.68,2.53,2.65,37758700,98767068.0,3.3464,-7.441131
sh.600280,2026-06-30,2.62,2.67,2.57,2.63,30641400,80125198.0,2.7156,-7.384971
sh.600281,2026-06-29,4.27,4.29,4.05,4.2,11521400,48055148.0,2.2398,-20.589467
sh.600281,2026-06-30,4.21,4.25,4.08,4.1,10756100,44469463.0,2.091,-20.099241
sh.600282,2026-06-29,4.62,4.74,4.53,4.67,41003961,190738895.87,0.6651,9.975718
sh.600282,2026-06-30,4.63,4.7,4.51,4.59,38205320,174437106.8,0.6197,9.804828
sh.600283,2026-06-29,7.92,7.98,7.77,7.97,2139567,16876211.36,0.3815,22.34463
sh.600283,2026-06-30,7.96,8.03,7.91,8.02,1494550,11934335.4,0.2665,22.484809
sh.600284,2026-06-29,4.86,4.96,4.78,4.91,16671800,81189661.8,1.7183,16.905331
sh.600284,2026-06-30,4.89,5.0,4.8,4.86,12952971,63144298.98,1.335,16.733179
sh.600285,2026-06-29,19.37,20.12,19.0,19.91,9873069,194901182.9,1.7428,14.310514
sh.600285,2026-06-30,19.91,19.98,19.23,19.38,6923766,135081833.61,1.2222,13.929571
sh.600287,2026-06-29,4.48,4.49,4.27,4.46,4388501,19322614.39,1.0047,85.295086
sh.600287,2026-06-30,4.59,4.6,4.38,4.41,4138800,18404716.0,0.9475,84.338863
sh.600288,2026-06-29,12.59,12.64,12.16,12.36,7812590,96586532.36,1.7886,33.011059
sh.600288,2026-06-30,12.39,13.36,12.22,13.3,16174126,211423313.23,3.7029,35.521609
sh.600292,2026-06-29,12.89,12.9,12.06,12.19,23769580,294103388.48,5.411,68.580358
sh.600292,2026-06-30,12.16,12.18,11.82,12.04,14641892,175653911.53,3.3331,67.736465
sh.600293,2026-06-29,2.99,3.01,2.71,2.78,88712809,248909558.28,7.6467,-49.037299
sh.600293,2026-06-30,2.8,2.95,2.66,2.86,70329145,200534205.41,6.0621,-50.448444
sh.600295,2026-06-29,10.48,10.79,10.34,10.71,17250373,183844295.51,0.8732,11.712495
sh.600295,2026-06-30,10.71,10.78,10.52,10.72,11764296,125131304.52,0.5955,11.723431
sh.600298,2026-06-29,35.52,37.18,34.5,36.59,14224613,517575330.26,1.6595,19.843861
sh.600298,2026-06-30,36.26,36.6,35.54,36.2,8689776,312793833.74,1.0138,19.632352
sh.600299,2026-06-29,8.68,8.69,7.95,7.95,56136663,452964403.61,1.8227,24.601011
sh.600299,2026-06-30,7.95,8.12,7.74,7.85,64437830,509392583.41,2.0923,24.291564
sh.600300,2026-06-29,2.8,2.87,2.74,2.84,24701500,69336314.0,1.5275,13.205207
sh.600300,2026-06-30,2.82,2.84,2.78,2.82,17756409,49769236.9,1.098,13.112212
sh.600301,2026-06-29,59.59,62.98,58.93,61.98,23157486,1416826067.88,8.4106,47.280832
sh.600301,2026-06-30,61.3,61.96,59.17,61.32,17791200,1075511675.45,6.4616,46.777357
sh.600303,2026-06-29,2.48,2.51,2.36,2.49,30374661,74558180.79,4.4833,-4.925426
sh.600303,2026-06-30,2.49,2.53,2.43,2.49,21940700,54428178.0,3.2384,-4.925426
sh.600305,2026-06-29,6.5,6.61,6.36,6.57,9809589,63929848.05,0.8894,47.197546
sh.600305,2026-06-30,6.45,6.48,6.27,6.31,8545629,54197023.48,0.7748,45.329758
sh.600307,2026-06-29,1.42,1.43,1.37,1.41,47166436,66203644.61,0.7531,-5.087803
sh.600307,2026-06-30,1.41,1.43,1.37,1.39,66789130,93120381.9,1.0663,-5.015636
sh.600308,2026-06-29,3.01,3.06,2.92,3.04,11877816,35551676.63,0.783,-44.798011
sh.600308,2026-06-30,3.02,3.06,2.96,2.99,9015828,27097224.36,0.5944,-44.061201
sh.600309,2026-06-29,71.79,73.0,69.64,71.93,38579354,2754967969.69,1.2324,17.106854
sh.600309,2026-06-30,71.01,71.39,67.28,68.41,62129651,4257562768.32,1.9847,16.269705
sh.600310,2026-06-29,3.92,4.27,3.92,4.06,115293845,474259844.38,7.8661,-161.565329
sh.600310,2026-06-30,4.01,4.38,3.93,4.22,106062515,443945692.55,7.2363,-167.932436
sh.600312,2026-06-29,17.18,17.64,16.98,17.56,19242987,334020245.74,1.4181,20.256636
sh.600312,2026-06-30,17.55,17.72,17.41,17.66,12742150,224190960.18,0.939,20.371992
sh.600313,2026-06-29,5.31,5.33,5.14,5.29,16058250,84358948.5,1.4839,120.613798
sh.600313,2026-06-30,5.25,5.3,5.16,5.24,14343320,74849310.85,1.3254,119.473781
sh.600315,2026-06-29,16.53,17.24,16.12,17.04,6078900,102070260.92,0.9043,42.023234
sh.600315,2026-06-30,16.67,17.08,16.55,16.82,3760883,62996454.59,0.5595,41.480681
sh.600316,2026-06-29,26.4,26.91,25.75,26.67,9445556,249957300.12,1.3172,353.655042
sh.600316,2026-06-30,26.6,28.04,26.45,27.94,13829612,379879398.8,1.9285,370.495758
sh.600318,2026-06-29,6.01,6.07,5.87,5.96,16404824,97893561.5,3.1995,79.308975
sh.600318,2026-06-30,6.0,6.14,5.86,6.02,14019618,84557393.8,2.7343,80.107387
sh.600319,2026-06-29,6.31,6.34,6.06,6.23,3975301,24535925.12,1.0253,-14.797375
sh.600319,2026-06-30,6.23,6.3,6.09,6.23,2654500,16451648.0,0.6847,-14.797375
sh.600320,2026-06-29,4.19,4.21,4.05,4.18,41235794,170719813.19,1.2457,25.763692
sh.600320,2026-06-30,4.16,4.19,4.1,4.13,32085392,132548615.26,0.9693,25.455514
sh.600322,2026-06-29,2.67,2.73,2.53,2.59,41773500,108689916.0,3.778,-2.435395
sh.600322,2026-06-30,2.62,2.76,2.55,2.74,44901500,119657508.0,4.0609,-2.576441
sh.600323,2026-06-29,27.35,28.58,26.94,28.21,7567772,211996135.76,0.9282,10.788596
sh.600323,2026-06-30,28.21,28.65,27.2,27.46,7230213,199148056.64,0.8868,10.501767
sh.600325,2026-06-29,2.29,2.34,2.22,2.3,55776282,127622275.27,2.0266,-0.595298
sh.600325,2026-06-30,2.29,2.33,2.26,2.31,43031222,98693176.4,1.5635,-0.597887
sh.600326,2026-06-29,6.39,6.59,6.32,6.41,26122502,167688769.03,1.9173,290.535764
sh.600326,2026-06-30,6.39,6.54,6.31,6.47,18166513,117369709.88,1.3334,293.255287
sh.600327,2026-06-29,3.12,3.21,3.03,3.18,10959056,34331397.6,1.2386,-10.5554
sh.600327,2026-06-30,3.16,3.2,3.05,3.1,9692528,30186174.16,1.0955,-10.289856
sh.600328,2026-06-29,6.09,6.18,5.96,6.09,23500964,142732223.82,1.6027,-91.422286
sh.600328,2026-06-30,6.06,6.07,5.93,6.0,17116992,102430160.02,1.1674,-90.071218
sh.600329,2026-06-29,35.5,38.19,34.7,37.97,7526203,278310241.57,1.3272,13.409518
sh.600329,2026-06-30,37.74,37.89,36.81,37.22,3546034,131957565.1,0.6253,13.144647
sh.600330,2026-06-29,32.75,33.0,29.48,30.14,176414967,5392593756.72,14.3027,-145.797188
sh.600330,2026-06-30,30.06,31.74,29.3,30.84,113169889,3476514428.43,9.1752,-149.183321
sh.600331,2026-06-29,11.0,11.25,10.76,10.85,53525301,584883850.01,2.6341,-397.606645
sh.600331,2026-06-30,10.82,11.1,10.61,10.99,41782527,453227420.95,2.0562,-402.737053
sh.600332,2026-06-29,19.76,20.67,19.3,20.55,13804635,278349648.21,0.9819,11.342514
sh.600332,2026-06-30,20.46,20.46,20.0,20.04,6666942,134222189.14,0.4742,11.061021
sh.600333,2026-06-29,5.05,5.12,4.96,5.07,9101701,45901181.02,1.4945,266.599579
sh.600333,2026-06-30,5.03,5.09,4.94,5.02,10096843,50454659.47,1.6579,263.970392
sh.600335,2026-06-29,4.8,4.88,4.66,4.83,13189965,63148122.8,0.8867,17.368755
sh.600335,2026-06-30,4.88,4.88,4.66,4.68,12564600,59337570.0,0.8447,16.829353
sh.600336,2026-06-29,6.11,6.4,5.98,6.26,16305240,101256855.18,2.0432,-22.979231
sh.600336,2026-06-30,6.2,6.35,6.12,6.23,11300900,70263822.0,1.4161,-22.869107
sh.600338,2026-06-29,14.7,15.04,14.33,14.72,57638041,846383877.0,6.3047,23.781527
sh.600338,2026-06-30,14.6,15.29,14.56,15.24,52608847,787212794.98,5.7546,24.621636
sh.600339,2026-06-29,3.13,3.15,3.05,3.13,45693764,141980491.05,0.8184,46.899081
sh.600339,2026-06-30,3.1,3.12,3.05,3.07,35329482,108694751.52,0.6328,46.000057
sh.600343,2026-06-29,26.48,27.75,25.7,27.13,84501909,2278618842.48,13.2405,-91.785991
sh.600343,2026-06-30,26.9,28.44,26.41,28.02,66958706,1855798843.41,10.4917,-94.797032
sh.600345,2026-06-29,65.76,66.0,60.6,62.78,16382196,1028917961.24,7.7435,82.4762
sh.600345,2026-06-30,63.85,67.18,62.68,65.51,12904243,836647276.47,6.0996,86.062692
sh.600346,2026-06-29,18.0,19.23,17.66,18.9,77310904,1448529030.99,1.0983,14.891579
sh.600346,2026-06-30,18.6,19.1,17.4,17.71,63614015,1144576054.94,0.9037,13.953961
sh.600348,2026-06-29,7.79,7.83,7.55,7.76,25737135,198210640.93,0.7134,17.609696
sh.600348,2026-06-30,7.74,7.81,7.52,7.65,26115532,198943766.38,0.7239,17.360074
sh.600350,2026-06-29,10.8,11.1,10.56,11.09,7303300,79236655.0,0.1511,16.580172
sh.600350,2026-06-30,11.06,11.24,10.79,11.13,7328841,80344087.11,0.1516,16.639974
sh.600351,2026-06-29,5.7,5.95,5.6,5.94,13534002,78869067.72,1.9558,12.869122
sh.600351,2026-06-30,5.91,5.92,5.72,5.75,10980770,63359143.2,1.5868,12.457483
sh.600352,2026-06-29,12.88,13.4,12.44,12.64,92284461,1180171577.55,2.8366,20.871719
sh.600352,2026-06-30,12.5,12.52,11.9,12.11,86042429,1045538592.35,2.6447,19.99656
sh.600353,2026-06-29,48.5,48.5,43.18,43.18,42959035,1918890113.35,5.1832,217.15979
sh.600353,2026-06-30,42.64,45.66,38.87,45.6,72933659,3070193131.62,8.7998,229.330395
sh.600354,2026-06-29,4.78,4.86,4.65,4.83,11756692,56151703.76,2.2275,83.254301
sh.600354,2026-06-30,4.81,4.85,4.71,4.76,9759100,46462408.0,1.849,82.047717
sh.600356,2026-06-29,7.55,7.61,7.28,7.54,4886780,36527563.0,1.6358,10.965466
sh.600356,2026-06-30,7.55,7.58,7.34,7.41,3938900,29220670.0,1.3185,10.776406
sh.600358,2026-06-29,5.1,5.23,5.0,5.13,6352100,32376239.0,1.258,-73.375378
sh.600358,2026-06-30,5.12,5.14,5.01,5.05,5938900,30025117.9,1.1762,-72.231123
sh.600359,2026-06-29,5.45,5.56,5.31,5.54,5911400,32293117.0,1.5495,-140.274229
sh.600359,2026-06-30,5.49,5.54,5.35,5.4,4610325,25014875.25,1.2084,-136.729393
sh.600361,2026-06-29,3.54,3.59,3.48,3.56,47899447,169802218.93,1.2833,15.727343
sh.600361,2026-06-30,3.51,3.63,3.44,3.6,62904410,221782645.8,1.6852,15.904055
sh.600362,2026-06-29,42.3,44.94,42.3,44.49,66693813,2923667029.84,3.2138,19.268368
sh.600362,2026-06-30,43.51,43.9,42.55,43.3,52666433,2267789525.34,2.5378,18.752986
sh.600363,2026-06-29,31.5,32.53,31.35,32.53,6228373,201098055.56,1.3814,32.83284
sh.600363,2026-06-30,33.88,35.78,31.42,35.78,40384276,1370703122.18,8.9566,36.113096
sh.600366,2026-06-29,14.0,14.63,13.43,13.83,77323422,1079642735.67,7.0355,37.0598
sh.600366,2026-06-30,13.8,14.98,13.48,14.68,75154835,1078316989.84,6.8382,39.337518
sh.600367,2026-06-29,58.71,61.68,55.01,57.21,74881345,4406798490.48,23.257,211.741972
sh.600367,2026-06-30,56.88,62.93,56.88,62.93,42526598,2600304527.89,13.2081,232.912468
sh.600368,2026-06-29,3.47,3.52,3.4,3.5,11187508,38752050.83,0.695,10.099412
sh.600368,2026-06-30,3.39,3.4,3.33,3.35,8247580,27699487.99,0.5124,9.66658
sh.600369,2026-06-29,4.01,4.07,3.95,4.05,50432330,202657606.81,0.7589,23.876297
sh.600369,2026-06-30,4.03,4.09,3.98,4.02,47829609,192493228.36,0.7198,23.699436
sh.600371,2026-06-29,6.42,6.46,6.13,6.45,5151311,32600459.9,1.7607,-117.277697
sh.600371,2026-06-30,6.4,6.5,6.21,6.25,5001126,31561999.32,1.7093,-113.64118
sh.600372,2026-06-29,10.7,10.74,10.38,10.55,39214525,414145980.46,0.8104,44.527248
sh.600372,2026-06-30,10.56,10.98,10.55,10.85,37860404,408530563.08,0.7824,45.793426
sh.600373,2026-06-29,6.71,6.9,6.65,6.74,6958702,47241077.62,0.5165,42.620951
sh.600373,2026-06-30,6.73,6.79,6.54,6.63,9835328,65155990.49,0.73,41.925357
sh.600375,2026-06-29,3.61,3.68,3.5,3.64,23025700,83087586.0,1.5742,92.674254
sh.600375,2026-06-30,3.62,3.7,3.59,3.69,20441150,74672091.0,1.3975,93.947252
sh.600376,2026-06-29,3.36,3.44,3.18,3.24,88840808,290398965.03,3.444,-1.32655
sh.600376,2026-06-30,3.24,3.45,3.18,3.34,98460954,326216166.09,3.817,-1.367493
sh.600377,2026-06-29,11.75,11.93,11.48,11.86,9168517,107696238.96,0.2411,12.58124
sh.600377,2026-06-30,11.78,11.86,11.52,11.57,7958400,92629236.0,0.2093,12.273604
sh.600378,2026-06-29,62.05,68.53,58.61,68.53,90888057,5857973311.45,8.4739,56.389071
sh.600378,2026-06-30,71.77,75.38,69.54,75.38,102071742,7446881534.3,9.5166,62.025509
sh.600379,2026-06-29,14.34,14.85,13.4,13.7,32652545,452961075.59,9.8887,108.288495
sh.600379,2026-06-30,13.58,15.07,13.07,15.07,34631561,482628709.53,10.488,119.117344
sh.600380,2026-06-29,9.25,9.77,9.08,9.75,20547541,195661547.15,1.1232,13.567167
sh.600380,2026-06-30,9.68,9.69,9.38,9.42,14230154,134759248.86,0.7778,13.107971
sh.600382,2026-06-29,7.0,7.02,6.75,6.86,22761386,155740788.43,3.2778,25.207902
sh.600382,2026-06-30,6.86,6.93,6.51,6.73,22010237,147105059.88,3.1696,24.730202
sh.600383,2026-06-29,2.12,2.17,2.03,2.15,98815266,208187644.65,2.1888,-0.729628
sh.600383,2026-06-30,2.14,2.15,2.09,2.11,57272029,120837290.17,1.2686,-0.716054
sh.600386,2026-06-29,3.17,3.17,3.02,3.16,8977880,27885074.6,1.1133,-218.230636
sh.600386,2026-06-30,3.15,3.18,3.07,3.12,8417606,26224968.48,1.0438,-215.468222
sh.600388,2026-06-29,14.73,15.16,14.43,14.77,14835116,218811565.86,1.1681,16.014835
sh.600388,2026-06-30,14.74,14.84,14.27,14.55,17196935,249018715.65,1.354,15.776293
sh.600389,2026-06-29,19.97,20.06,19.22,19.56,13565631,266855338.0,3.15,15.048458
sh.600389,2026-06-30,19.4,19.83,19.02,19.52,13527074,261587915.93,3.1411,15.017684
sh.600390,2026-06-29,4.5,4.59,4.45,4.57,32007820,144954813.68,0.7116,38.942538
sh.600390,2026-06-30,4.55,4.59,4.49,4.56,24966415,113349158.1,0.555,38.857325
sh.600391,2026-06-29,31.82,31.82,30.12,30.41,13314809,408455916.33,4.0332,218.430624
sh.600391,2026-06-30,30.23,33.45,30.23,33.45,16885745,550818121.82,5.1149,240.266504
sh.600392,2026-06-29,29.97,30.68,28.14,28.61,155826608,4540661886.16,8.89,50.248002
sh.600392,2026-06-30,28.61,29.99,28.25,29.77,109478711,3191399282.79,6.2458,52.28532
sh.600395,2026-06-29,4.66,4.67,4.5,4.67,25815656,118801589.23,1.2026,20.911203
sh.600395,2026-06-30,4.65,4.66,4.46,4.56,30380853,137614744.06,1.4153,20.418648
sh.600396,2026-06-29,15.09,16.2,14.5,16.2,228169085,3555149076.69,15.4932,588.352852
sh.600396,2026-06-30,15.8,15.85,14.67,14.96,196224088,2958910397.62,13.324,543.318436
sh.600397,2026-06-29,26.49,28.64,26.48,27.5,116470554,3216436785.46,11.7652,-157.8443
sh.600397,2026-06-30,28.13,29.49,26.62,27.23,120883732,3379261334.77,12.211,-156.294556
sh.600398,2026-06-29,5.36,5.44,5.2,5.34,35284402,188000443.48,0.7347,11.764098
sh.600398,2026-06-30,5.32,5.34,5.09,5.23,38988691,202722585.94,0.8118,11.521766
sh.600399,2026-06-29,4.11,4.19,3.99,4.1,48053443,196903780.3,2.4367,-9.786853
sh.600399,2026-06-30,4.08,4.2,4.07,4.11,33722104,139494917.28,1.71,-9.810723
sh.600400,2026-06-29,3.23,3.32,3.08,3.11,88332348,277871531.27,3.855,-17.907811
sh.600400,2026-06-30,3.1,3.41,2.99,3.29,93311550,298002065.61,4.0723,-18.944276
sh.600403,2026-06-29,5.5,5.6,5.4,5.57,42609230,235283590.71,1.7822,-6.414197
sh.600403,2026-06-30,5.5,5.52,5.24,5.29,49825672,265142329.13,2.084,-6.091759
sh.600405,2026-06-29,4.24,4.26,4.0,4.11,19112391,78260882.2,3.1187,-8.297129
sh.600405,2026-06-30,4.13,4.52,4.04,4.52,22787659,98772193.98,3.7184,-9.124823
sh.600406,2026-06-29,22.7,23.48,22.6,23.4,82014100,1901646286.8,1.0241,22.589119
sh.600406,2026-06-30,23.03,23.03,22.56,22.85,57313681,1305721149.2,0.7157,22.058179
sh.600408,2026-06-29,2.37,2.42,2.32,2.39,37317361,88852527.16,3.7065,-8.24116
sh.600408,2026-06-30,2.38,2.42,2.33,2.38,34196862,81123516.94,3.3966,-8.206678
sh.600409,2026-06-29,6.69,6.8,6.48,6.65,37584702,248571878.28,1.8207,806.367503
sh.600409,2026-06-30,6.6,6.6,6.04,6.11,56890592,353617817.12,2.7559,740.888036
sh.600410,2026-06-29,15.85,15.99,15.2,15.47,55805710,868605155.1,5.0895,-79.733438
sh.600410,2026-06-30,15.4,16.06,15.28,15.83,49201440,776527798.18,4.4872,-81.588903
sh.600415,2026-06-29,9.72,10.24,9.46,9.98,96760816,956865428.84,1.7646,12.464153
sh.600415,2026-06-30,9.97,10.22,9.94,10.16,71332572,720352951.68,1.3008,12.688957
sh.600416,2026-06-29,10.0,10.0,9.57,9.62,27729726,268966971.92,1.879,63.625388
sh.600416,2026-06-30,9.83,9.89,9.63,9.8,21128942,206355801.42,1.4317,64.815883
sh.600418,2026-06-29,26.74,26.9,24.97,26.2,119945994,3095461270.49,5.492,-28.318248
sh.600418,2026-06-30,25.79,26.3,25.63,25.83,51911017,1342828654.53,2.3769,-27.918334
sh.600419,2026-06-29,7.52,7.74,7.36,7.66,5727600,43414490.9,1.8153,16.721458
sh.600419,2026-06-30,7.65,7.76,7.5,7.57,4266600,32472566.0,1.3523,16.524991
sh.600420,2026-06-29,7.77,8.18,7.67,8.18,12895585,103176551.75,0.9615,15.267182
sh.600420,2026-06-30,8.16,8.17,7.92,7.95,8045951,64478528.45,0.5999,14.837909
sh.600422,2026-06-29,7.66,8.14,7.45,8.05,10600806,83382092.92,1.4004,51.783971
sh.600422,2026-06-30,8.06,8.06,7.75,7.81,5962120,46749379.26,0.7876,50.240101
sh.600425,2026-06-29,3.3,3.3,3.14,3.23,19114322,61365833.92,1.1911,16.98481
sh.600425,2026-06-30,3.23,3.28,3.19,3.27,17513000,56708137.98,1.0914,17.195149
sh.600426,2026-06-29,24.96,25.33,24.27,24.85,28521436,707287974.26,1.3485,14.110881
sh.600426,2026-06-30,24.58,24.61,23.55,23.92,49632448,1183641747.2,2.3466,13.582787
sh.600428,2026-06-29,8.05,8.26,7.7,8.25,45447434,364883672.48,1.8586,12.299542
sh.600428,2026-06-30,8.25,8.25,7.69,7.81,43351900,340311753.84,1.7729,11.643566
sh.600429,2026-06-29,4.03,4.17,3.96,4.15,14623924,59818189.88,0.9765,-29.260819
sh.600429,2026-06-30,4.13,4.17,3.98,4.04,11285000,45685153.0,0.7536,-28.485231
sh.600433,2026-06-29,3.13,3.17,3.04,3.17,44892296,139783599.44,2.5649,-44.660957
sh.600433,2026-06-30,3.17,3.27,3.09,3.21,35611041,113948224.73,2.0346,-45.224502
sh.600435,2026-06-29,11.03,11.1,10.75,10.94,18714213,203889800.8,1.2374,136.011531
sh.600435,2026-06-30,10.93,11.2,10.9,11.2,17904832,199180288.89,1.1839,139.243981
sh.600436,2026-06-29,107.02,115.09,105.98,113.37,8759267,983026373.22,1.4519,35.954834
sh.600436,2026-06-30,112.4,112.4,108.78,109.28,4673940,514552504.12,0.7747,34.657707
sh.600438,2026-06-29,11.96,12.16,11.65,12.03,65491807,784817433.6,1.4547,-5.758472
sh.600438,2026-06-30,11.89,12.31,11.89,12.11,55174106,670464711.27,1.2255,-5.796766
sh.600439,2026-06-29,2.02,2.06,1.97,2.04,17052467,34404111.09,1.5064,-27.351805
sh.600439,2026-06-30,2.04,2.21,2.0,2.11,31196852,65152436.2,2.7559,-28.290347
sh.600444,2026-06-29,13.08,13.23,12.63,13.15,2933400,38163801.0,2.0034,34.519653
sh.600444,2026-06-30,13.17,13.25,12.89,12.98,2332201,30334902.05,1.5928,34.073391
sh.600446,2026-06-29,10.24,10.37,9.93,10.0,18310124,184681398.84,1.9453,-77.081859
sh.600446,2026-06-30,9.98,10.12,9.87,10.06,14168333,141957607.0,1.5052,-77.54435
sh.600448,2026-06-29,2.58,2.59,2.45,2.56,18806581,47558634.13,2.986,-5.574561
sh.600448,2026-06-30,2.55,2.6,2.49,2.52,16314161,41282868.9,2.5903,-5.487459
sh.600449,2026-06-29,11.33,11.36,10.88,11.13,6399554,70974055.64,1.3383,28.614676
sh.600449,2026-06-30,11.07,11.28,10.92,11.18,4160354,46260153.4,0.87,28.743224
sh.600452,2026-06-29,9.25,9.39,9.04,9.18,33536785,307852056.59,2.1826,32.671777
sh.600452,2026-06-30,9.2,9.36,9.03,9.33,25862808,238697314.33,1.6832,33.20563
sh.600455,2026-06-29,21.67,22.2,21.0,22.05,1852500,40151890.0,2.966,30.210386
sh.600455,2026-06-30,22.2,22.35,21.65,21.96,1750340,38586295.8,2.8024,30.087078
sh.600456,2026-06-29,26.42,26.75,26.02,26.26,8074298,212602615.23,1.69,33.133705
sh.600456,2026-06-30,26.26,27.69,25.8,27.35,9604825,257574317.67,2.0103,34.509019
sh.600458,2026-06-29,15.62,16.35,15.31,16.0,55929844,886158680.29,6.4396,28.621928
sh.600458,2026-06-30,15.66,16.73,15.46,16.55,51370383,833090878.57,5.9146,29.605806
sh.600459,2026-06-29,28.4,29.79,27.8,29.17,74074933,2139804648.9,9.7505,36.435152
sh.600459,2026-06-30,29.28,29.75,27.56,28.88,66533826,1902153958.62,8.7578,36.072924
sh.600460,2026-06-29,52.89,55.42,50.85,52.59,258485456,13706877935.05,15.5333,190.735195
sh.600460,2026-06-30,53.5,55.23,50.4,54.66,221297303,11789477941.32,13.2985,198.242741
sh.600461,2026-06-29,9.31,9.31,9.06,9.23,9665035,88990880.41,0.7526,10.064968
sh.600461,2026-06-30,9.2,9.34,8.98,9.06,11680935,106328127.97,0.9096,9.87959
sh.600463,2026-06-29,7.62,7.73,7.39,7.66,4510200,34131263.0,1.5034,-23.160467
sh.600463,2026-06-30,7.6,7.77,7.45,7.63,3024560,22974803.2,1.0082,-23.06976
sh.600467,2026-06-29,2.01,2.03,1.93,2.01,27147200,53747582.0,1.8581,94.319007
sh.600467,2026-06-30,2.0,2.02,1.95,1.97,19723800,38978326.0,1.35,92.442012
sh.600468,2026-06-29,5.7,5.84,5.69,5.84,12141130,70603863.2,1.1162,76.894075
sh.600468,2026-06-30,6.31,6.31,5.73,6.07,87595216,522531630.14,8.053,79.922438
sh.600469,2026-06-29,5.1,5.21,4.95,5.2,8645634,44073716.8,1.1852,17.918598
sh.600469,2026-06-30,5.19,5.47,5.14,5.44,13142894,70089229.32,1.8018,18.745611
sh.600470,2026-06-29,6.12,6.23,5.78,5.94,36545585,217922465.06,7.0064,-6.461633
sh.600470,2026-06-30,5.88,5.96,5.63,5.8,35163891,202425221.09,6.7415,-6.309339
sh.600475,2026-06-29,14.76,15.92,14.71,15.0,15331294,234466986.3,1.626,38.27433
sh.600475,2026-06-30,14.6,15.45,14.35,15.25,14396756,216221723.74,1.5269,38.912236
sh.600477,2026-06-29,2.33,2.34,2.26,2.3,35153097,80888891.03,1.4902,61.045278
sh.600477,2026-06-30,2.3,2.35,2.27,2.31,29036836,66827847.23,1.2309,61.310692
sh.600478,2026-06-29,4.99,5.04,4.84,4.98,29649592,146754375.64,1.7802,58.337826
sh.600478,2026-06-30,4.96,5.09,4.95,5.04,23093961,115885947.48,1.3866,59.040692
sh.600479,2026-06-29,9.37,9.74,9.29,9.69,6790961,65030172.27,1.6227,15.478333
sh.600479,2026-06-30,9.4,9.41,9.2,9.3,4152398,38572576.5,0.9922,14.855366
sh.600480,2026-06-29,8.12,8.24,7.9,8.18,19862656,160602164.28,1.6372,12.928489
sh.600480,2026-06-30,8.19,8.43,8.12,8.31,16850929,139187906.29,1.389,13.133954
sh.600481,2026-06-29,4.8,4.97,4.7,4.88,161386373,787917533.45,7.8184,-7.46796
sh.600481,2026-06-30,4.8,5.02,4.78,4.99,120667379,596068961.23,5.8458,-7.636295
sh.600482,2026-06-29,30.11,31.26,28.99,31.07,46825679,1409388195.44,2.0644,47.193578
sh.600482,2026-06-30,30.48,33.5,30.26,32.8,47383121,1531289947.19,2.089,49.821351
sh.600483,2026-06-29,10.51,10.55,10.03,10.43,33479223,344425944.42,1.2042,10.15597
sh.600483,2026-06-30,10.38,10.63,10.1,10.19,40212710,415060593.77,1.4464,9.922276
sh.600486,2026-06-29,51.99,52.96,50.61,52.05,5373986,279005895.5,1.3302,16.719466
sh.600486,2026-06-30,52.06,52.06,49.92,50.7,8110885,409362367.68,2.0077,16.28582
sh.600487,2026-06-29,108.92,112.12,102.0,108.04,148882549,15897938405.78,6.0888,82.527526
sh.600487,2026-06-30,112.0,113.44,107.8,109.34,126872267,13975574951.23,5.1887,83.520545
sh.600488,2026-06-29,4.43,4.84,4.25,4.84,94494702,436744673.68,8.6543,200.136738
sh.600488,2026-06-30,4.89,5.07,4.75,4.83,120126224,584838205.88,11.0017,199.723232
sh.600489,2026-06-29,18.58,18.68,18.11,18.39,81032605,1488074585.36,1.6717,14.204469
sh.600489,2026-06-30,17.85,18.1,17.56,18.05,88373734,1572551820.12,1.8231,13.941853
sh.600490,2026-06-29,6.0,6.13,5.94,6.01,42340098,255529121.88,2.1248,58.328523
sh.600490,2026-06-30,5.94,5.97,5.72,5.82,55166368,319642502.62,2.7685,56.484527
sh.600493,2026-06-29,5.4,5.47,5.13,5.36,7630600,40456231.0,2.8054,237.753168
sh.600493,2026-06-30,5.39,5.42,5.21,5.24,7704001,40744639.25,2.8324,232.430336
sh.600495,2026-06-29,3.46,3.53,3.36,3.49,12922212,44714974.0,1.0696,197.241115
sh.600495,2026-06-30,3.49,3.52,3.43,3.51,9274043,32239222.18,0.7676,198.371436
sh.600496,2026-06-29,3.19,3.24,3.06,3.2,28983731,91799109.4,1.4564,10.073331
sh.600496,2026-06-30,3.21,3.21,3.05,3.1,34890821,107852154.44,1.7532,9.75854
sh.600497,2026-06-29,12.65,13.5,12.16,12.8,474857718,6076027579.4,9.4211,53.638937
sh.600497,2026-06-30,12.42,12.5,11.65,12.11,345719661,4171506703.77,6.859,50.747463
sh.600498,2026-06-29,75.0,76.15,69.96,72.07,126623952,9190098244.44,9.9577,233.594501
sh.600498,2026-06-30,73.8,74.05,70.2,73.6,85740040,6226792649.34,6.7426,238.553562
sh.600499,2026-06-29,13.43,13.9,13.33,13.85,29306285,400842691.81,1.5281,17.152701
sh.600499,2026-06-30,13.7,14.0,13.33,13.8,33833816,460370154.93,1.7641,17.090778
sh.600500,2026-06-29,8.82,8.99,8.03,8.03,225322700,1871943003.94,6.2794,-14.105563
sh.600500,2026-06-30,8.0,8.1,7.6,7.83,247685994,1934180983.28,6.9026,-13.754241
sh.600501,2026-06-29,15.45,15.45,14.9,15.21,9783554,148758322.14,2.2868,-31.675862
sh.600501,2026-06-30,15.16,15.93,15.16,15.73,8722229,136938677.67,2.0387,-32.758797
sh.600502,2026-06-29,4.41,4.41,4.2,4.37,24303518,105146573.26,1.4158,4.84632
sh.600502,2026-06-30,4.39,4.39,4.22,4.35,24990930,107201314.84,1.4559,4.82414
sh.600503,2026-06-29,1.97,1.98,1.89,1.97,34765602,67472466.83,2.1697,-39.510684
sh.600503,2026-06-30,1.96,2.01,1.92,1.99,34997849,69116994.36,2.1842,-39.911808
sh.600505,2026-06-29,10.61,11.05,10.43,10.9,11399802,122676741.88,3.1269,290.6855
sh.600505,2026-06-30,10.8,10.88,10.55,10.69,10030101,107220412.84,2.7512,285.085137
sh.600506,2026-06-29,14.15,14.24,13.64,13.85,7257510,100726423.7,2.9074,99.382873
sh.600506,2026-06-30,13.85,14.08,13.63,13.89,6733800,93283509.8,2.6976,99.669899
sh.600507,2026-06-29,3.95,4.14,3.87,4.07,37082137,149265771.58,1.6031,11.77052
sh.600507,2026-06-30,4.07,4.1,3.99,4.05,18153943,73285399.44,0.7848,11.71268
sh.600508,2026-06-29,7.43,7.63,7.3,7.59,8204901,61618144.47,0.8109,40.460297
sh.600508,2026-06-30,7.52,7.62,7.34,7.37,6812003,50524797.83,0.6733,39.287535
sh.600509,2026-06-29,8.25,8.54,8.08,8.17,42061956,345611944.7,3.0604,49.98035
sh.600509,2026-06-30,8.08,8.52,7.93,8.45,49152714,407734799.21,3.5763,51.693262
sh.600510,2026-06-29,7.3,7.32,6.96,7.18,14447694,103681521.16,1.3999,87.716521
sh.600510,2026-06-30,7.1,7.57,7.1,7.46,12204100,90403744.0,1.1825,91.137221
sh.600511,2026-06-29,25.61,26.5,25.11,26.47,4758175,123705679.32,0.8599,9.927071
sh.600511,2026-06-30,26.37,26.37,25.63,26.04,4238407,109759771.82,0.766,9.765808
sh.600512,2026-06-29,1.92,1.93,1.87,1.91,22952411,43541442.0,1.4459,257.537654
sh.600512,2026-06-30,1.91,1.92,1.86,1.87,23425600,44102619.0,1.4757,252.144195
sh.600513,2026-06-29,14.16,15.18,13.82,14.73,14809396,216582547.32,5.188,-36.573632
sh.600513,2026-06-30,14.77,14.97,14.39,14.54,11626600,169761354.0,4.073,-36.101874
sh.600515,2026-06-29,2.7,2.75,2.64,2.73,116862003,316648307.65,1.2736,135.241729
sh.600515,2026-06-30,2.73,2.75,2.69,2.74,92327948,251142097.09,1.0062,135.73712
sh.600516,2026-06-29,6.54,6.74,5.82,5.83,257435626,1567945190.09,6.3944,247.171791
sh.600516,2026-06-30,5.8,6.29,5.73,6.17,207828762,1254685528.73,5.1622,261.586613
sh.600517,2026-06-29,4.63,4.75,4.6,4.73,25131649,117750756.13,0.4395,11.676016
sh.600517,2026-06-30,4.7,4.71,4.65,4.68,19155234,89445368.45,0.335,11.55259
sh.600518,2026-06-29,1.2,1.25,1.16,1.23,334447222,403855785.94,2.4196,-1153.84118
sh.600518,2026-06-30,1.22,1.24,1.19,1.2,236069821,285509126.39,1.7079,-1125.698712
sh.600519,2026-06-29,1169.0,1215.0,1151.01,1194.96,6687812,7949237761.39,0.535,18.059549
sh.600519,2026-06-30,1187.0,1195.67,1176.0,1185.49,3960779,4684236158.95,0.3168,17.916428
sh.600520,2026-06-29,37.01,38.45,34.85,38.03,35597313,1302293504.94,22.4688,449.682532
sh.600520,2026-06-30,37.0,39.87,37.0,39.71,29853047,1159109570.5,18.8431,469.54755
sh.600521,2026-06-29,14.01,14.76,13.73,14.67,28908624,417407259.22,1.9308,58.859592
sh.600521,2026-06-30,14.66,14.7,14.35,14.4,18193284,262734288.08,1.2151,57.776287
sh.600522,2026-06-29,60.0,62.26,56.39,58.84,319212262,18850851602.33,9.353,62.880693
sh.600522,2026-06-30,59.81,61.5,58.05,60.68,251737711,15070116615.45,7.376,64.84705
sh.600523,2026-06-29,10.53,10.68,10.2,10.62,4752489,49804006.69,1.1762,21.86498
sh.600523,2026-06-30,10.62,10.73,10.44,10.55,4106290,43319548.66,1.0163,21.720861
sh.600526,2026-06-29,4.14,4.17,4.02,4.13,8042302,32965801.2,0.9212,11.863363
sh.600526,2026-06-30,4.15,4.15,4.05,4.11,6692400,27357275.0,0.7666,11.805914
sh.600527,2026-06-29,2.16,2.18,2.1,2.15,50246320,107070677.2,2.9015,170.060473
sh.600527,2026-06-30,2.15,2.16,2.1,2.14,48322932,102873020.8,2.7904,169.269494
sh.600528,2026-06-29,6.68,6.77,6.55,6.71,11667832,77842819.59,0.5252,10.897468
sh.600528,2026-06-30,6.72,6.73,6.56,6.59,11606128,76630904.18,0.5224,10.70258
sh.600529,2026-06-29,18.07,18.48,17.58,18.29,9527800,172488492.6,1.4357,18.191628
sh.600529,2026-06-30,18.19,18.71,17.9,18.45,10097388,184466535.86,1.5216,18.350768
sh.600530,2026-06-29,5.35,5.38,5.03,5.03,18179300,93987612.0,2.346,957.644588
sh.600530,2026-06-30,5.04,5.17,4.8,4.93,15716450,78124636.5,2.0281,938.605929
sh.600531,2026-06-29,15.6,16.53,15.2,15.49,137691317,2186007046.78,11.3864,20.671027
sh.600531,2026-06-30,15.3,15.32,14.52,14.76,114035379,1680770372.02,9.4302,19.69686
sh.600533,2026-06-29,1.91,1.92,1.83,1.92,16119442,30405780.38,1.5352,-1.059274
sh.600533,2026-06-30,1.9,1.94,1.86,1.89,11135618,21093779.38,1.0605,-1.042723
sh.600535,2026-06-29,13.18,13.73,12.9,13.68,14986296,201498195.66,1.0031,17.604739
sh.600535,2026-06-30,13.61,13.69,13.2,13.23,10574943,140771512.72,0.7079,17.025636
sh.600536,2026-06-29,27.7,28.33,27.25,27.65,14555134,402721514.54,1.7252,-748.278398
sh.600536,2026-06-30,27.75,28.34,27.56,28.12,12764998,358063085.88,1.5131,-760.997777
sh.600538,2026-06-29,5.96,5.97,5.71,5.9,11857532,69176640.01,2.262,-31.457703
sh.600538,2026-06-30,5.9,6.1,5.84,6.06,18019000,107956549.0,3.4374,-32.310793
sh.600539,2026-06-29,14.32,15.46,13.3,15.1,25020801,364815467.3,10.8786,-158.567795
sh.600539,2026-06-30,16.2,16.46,15.37,16.31,24183519,385312857.2,10.5146,-171.274221
sh.600540,2026-06-29,3.3,3.42,3.2,3.38,28535420,94556507.6,4.9082,-16.550956
sh.600540,2026-06-30,3.38,3.4,3.28,3.31,22121700,73684953.0,3.8051,-16.208184
sh.600545,2026-06-29,7.81,7.81,7.32,7.49,299635260,2292938135.53,16.7589,-24.424897
sh.600545,2026-06-30,7.27,8.24,7.16,8.05,325322538,2529693431.96,18.1957,-26.251057
sh.600546,2026-06-29,11.31,11.34,10.95,11.21,18831575,210431962.35,0.9499,16.584122
sh.600546,2026-06-30,11.21,11.25,10.82,10.93,19192922,209922437.56,0.9681,16.169888
sh.600547,2026-06-29,23.03,23.77,22.7,23.55,63851458,1489608220.85,1.7666,21.044226
sh.600547,2026-06-30,22.82,23.3,22.55,23.09,55053410,1259072857.35,1.5232,20.633171
sh.600548,2026-06-29,8.12,8.36,7.96,8.29,3512200,28705989.0,0.2049,17.819959
sh.600548,2026-06-30,8.3,8.41,8.08,8.13,3046905,24880378.55,0.1777,17.476028
sh.600549,2026-06-29,84.46,87.6,80.35,83.86,86839647,7271982044.82,5.5884,43.889843
sh.600549,2026-06-30,82.62,87.48,82.62,85.2,78800006,6689020735.54,5.071,44.591159
sh.600550,2026-06-29,11.44,11.82,11.38,11.7,27586047,320952124.52,1.498,94.387904
sh.600550,2026-06-30,11.59,11.81,11.47,11.73,22597867,263957402.41,1.2271,94.629924
sh.600551,2026-06-29,6.9,6.9,6.52,6.78,4424995,29738537.85,0.6526,11.46656
sh.600551,2026-06-30,6.78,6.79,6.57,6.65,3543735,23565464.11,0.5226,11.246699
sh.600552,2026-06-29,30.99,32.56,29.48,31.48,244861549,7603429624.7,25.9221,224.019855
sh.600552,2026-06-30,31.46,33.67,30.4,32.58,202028669,6547453962.99,21.3876,231.847741
sh.600556,2026-06-29,4.39,4.47,4.31,4.39,41896489,183767129.33,2.3176,382.318714
sh.600556,2026-06-30,4.38,4.46,4.32,4.42,34355342,151129762.13,1.9005,384.93137
sh.600557,2026-06-29,10.88,11.96,10.69,11.96,9267400,106541432.0,1.6369,22.58639
sh.600557,2026-06-30,12.09,12.22,11.67,11.77,13036799,154906155.13,2.3027,22.227576
sh.600558,2026-06-29,4.94,5.04,4.86,4.98,13699177,67859546.83,1.5262,22.695644
sh.600558,2026-06-30,4.91,4.97,4.85,4.94,11859505,58088750.6,1.3212,22.51335
sh.600559,2026-06-29,11.37,11.73,11.04,11.46,13871814,158473670.77,1.5165,23.673544
sh.600559,2026-06-30,11.42,11.45,11.05,11.2,12167492,136176246.37,1.3301,23.136447
sh.600560,2026-06-29,10.95,11.06,10.62,10.96,3483200,37791132.0,1.5575,48.507822
sh.600560,2026-06-30,10.84,11.21,10.81,11.08,2993103,33091189.24,1.3383,49.038929
sh.600561,2026-06-29,5.07,5.13,4.82,5.04,5610543,28037986.15,1.9722,99.228723
sh.600561,2026-06-30,5.06,5.12,4.91,4.95,4973501,24872431.96,1.7483,97.456781
sh.600562,2026-06-29,19.99,20.42,19.48,20.15,11265588,225730576.32,0.9072,39.695409
sh.600562,2026-06-30,20.08,21.47,20.0,21.22,12611452,264847676.9,1.0155,41.803304
sh.600563,2026-06-29,191.0,198.8,185.6,189.4,16924165,3236205674.35,7.5219,35.642447
sh.600563,2026-06-30,186.0,195.68,184.1,190.8,13128545,2500995716.75,5.8349,35.905907
sh.600566,2026-06-29,25.4,26.4,25.1,26.39,11603523,301226697.32,1.2631,13.998427
sh.600566,2026-06-30,24.22,24.22,22.19,22.19,15478339,347685383.94,1.685,11.770561
sh.600567,2026-06-29,1.39,1.42,1.37,1.39,125323360,174566075.82,1.9869,-5.263082
sh.600567,2026-06-30,1.38,1.39,1.35,1.37,106896868,145582581.22,1.6948,-5.187354
sh.600569,2026-06-29,1.64,1.69,1.62,1.67,15249500,25379885.0,0.5309,-3.988354
sh.600569,2026-06-30,1.67,1.69,1.63,1.66,13728200,22735291.0,0.4779,-3.964472
sh.600570,2026-06-29,20.94,21.17,20.49,20.72,37270013,775151252.41,1.9682,29.311096
sh.600570,2026-06-30,20.7,21.28,20.32,21.19,30806416,643590463.29,1.6268,29.975971
sh.600571,2026-06-29,9.78,9.78,9.41,9.63,8312392,79706404.32,1.8159,127.674008
sh.600571,2026-06-30,9.51,9.89,9.43,9.75,9179500,89114847.0,2.0053,129.264961
sh.600572,2026-06-29,3.88,4.0,3.77,3.99,45300382,176770615.38,1.7893,20.951978
sh.600572,2026-06-30,3.97,3.99,3.9,3.92,26860246,105696129.82,1.0609,20.5844
sh.600573,2026-06-29,8.97,9.31,8.75,9.3,13159590,119390148.0,5.2638,28.388988
sh.600573,2026-06-30,9.18,9.2,8.82,8.9,11710000,104874368.0,4.684,27.167957
sh.600575,2026-06-29,3.29,3.32,3.22,3.28,41236301,134942825.72,1.0611,15.112234
sh.600575,2026-06-30,3.29,3.29,3.16,3.19,46132000,147441044.01,1.1871,14.697569
sh.600576,2026-06-29,5.34,5.92,5.32,5.92,27612123,159508267.96,4.1812,60.763606
sh.600576,2026-06-30,5.95,6.31,5.87,5.9,43470721,265140202.25,6.5826,60.558323
sh.600577,2026-06-29,9.9,10.4,9.33,9.42,122528998,1202991515.19,5.6961,33.190934
sh.600577,2026-06-30,9.42,10.23,9.14,9.78,104969394,1014106129.56,4.8798,34.459377
sh.600578,2026-06-29,6.59,6.7,6.45,6.59,127856876,839891748.54,1.9098,12.442082
sh.600578,2026-06-30,6.51,6.53,6.3,6.45,100169653,642724301.12,1.4963,12.177759
sh.600579,2026-06-29,7.72,8.25,7.55,8.15,28882407,228904074.49,5.8514,-31.150198
sh.600579,2026-06-30,7.98,8.43,7.8,8.26,24237500,195135185.0,4.9103,-31.570631
sh.600580,2026-06-29,31.8,32.18,31.06,31.8,36805017,1162996495.42,2.3629,43.803923
sh.600580,2026-06-30,31.91,33.37,31.9,33.1,39694142,1299311480.79,2.5484,45.594649
sh.600582,2026-06-29,4.34,4.51,4.22,4.48,34431800,150898661.0,0.832,12.845407
sh.600582,2026-06-30,4.48,4.49,4.39,4.45,18564600,82326198.0,0.4486,12.759389
sh.600583,2026-06-29,5.07,5.11,4.93,5.07,35301700,177501006.0,0.7984,11.309743
sh.600583,2026-06-30,5.02,5.06,4.97,5.03,23280547,116699716.81,0.5265,11.220515
sh.600584,2026-06-29,103.0,105.8,92.4,103.25,326160484,32439880816.3,18.2272,111.828443
sh.600584,2026-06-30,101.29,105.07,96.45,103.55,228510859,23180238107.1,12.7701,112.153368
sh.600585,2026-06-29,17.18,17.4,16.81,17.2,34797815,595893233.46,0.87,11.731987
sh.600585,2026-06-30,17.16,17.16,16.86,16.95,26896213,455752388.49,0.6725,11.561464
sh.600586,2026-06-29,4.28,4.55,4.2,4.45,36247264,160049403.6,2.5574,-8.416616
sh.600586,2026-06-30,4.47,4.72,4.41,4.57,42851415,197554175.03,3.0234,-8.643581
sh.600587,2026-06-29,11.6,12.39,11.4,12.28,11567649,139497058.84,1.9068,15.205213
sh.600587,2026-06-30,12.11,12.17,11.81,11.88,6046980,72228398.3,0.9968,14.709929
sh.600588,2026-06-29,8.83,9.23,8.73,8.98,48752607,437627963.38,1.4268,-22.299587
sh.600588,2026-06-30,8.91,9.38,8.91,9.18,48270293,443478273.45,1.4127,-22.796237
sh.600589,2026-06-29,9.3,9.57,8.83,9.49,98674435,897537642.37,6.6741,-137.99827
sh.600589,2026-06-30,9.38,10.44,9.3,10.24,219157807,2228210321.6,14.8233,-148.90435
sh.600590,2026-06-29,10.15,10.3,9.82,10.0,29658208,297211927.06,3.5158,113.511338
sh.600590,2026-06-30,10.0,10.18,9.81,10.1,20750070,208542405.48,2.4598,114.646452
sh.600592,2026-06-29,13.75,13.95,13.32,13.7,8170872,110814049.5,2.045,39.523632
sh.600592,2026-06-30,13.69,14.33,13.58,14.16,10140833,141722118.3,2.538,40.850702
sh.600593,2026-06-29,36.45,37.67,33.99,36.02,6432701,228235058.38,4.9943,91.936741
sh.600593,2026-06-30,35.51,37.0,35.51,36.03,4276400,154940030.0,3.3202,91.962265
sh.600594,2026-06-29,2.94,3.08,2.85,3.05,25443361,76219520.83,3.2128,-6.906972
sh.600594,2026-06-30,3.05,3.06,2.94,2.97,17589200,52509957.0,2.2211,-6.725806
sh.600595,2026-06-29,5.56,5.93,5.42,5.86,112510142,639918144.79,2.8072,10.635145
sh.600595,2026-06-30,5.71,5.78,5.53,5.62,82474140,462264073.12,2.0578,10.199576
sh.600596,2026-06-29,17.71,18.39,16.02,16.02,126617505,2139906762.57,9.3819,102.952313
sh.600596,2026-06-30,15.82,16.68,15.47,15.96,111608352,1773244505.51,8.2698,102.566724
sh.600597,2026-06-29,6.16,6.29,6.0,6.25,10551200,65065712.0,0.7654,-38.53021
sh.600597,2026-06-30,6.25,6.27,6.0,6.07,9123500,55771177.0,0.6619,-37.42054
sh.600598,2026-06-29,10.75,11.08,10.46,10.87,42835196,463758099.7,2.4096,15.990453
sh.600598,2026-06-30,10.84,11.18,10.78,10.84,29160385,318258279.92,1.6404,15.946321
sh.600600,2026-06-29,51.59,53.09,50.47,53.0,8857027,462099168.36,1.249,15.45738
sh.600600,2026-06-30,52.93,52.93,51.78,52.23,5265059,274461690.5,0.7425,15.23281
sh.600601,2026-06-29,12.96,13.09,12.02,12.58,238676659,2976543862.97,5.7233,85.973224
sh.600601,2026-06-30,12.57,13.84,12.48,13.84,194125217,2603492204.52,4.655,94.584214
sh.600602,2026-06-29,15.8,15.95,15.27,15.45,23881783,370901176.04,2.223,107.723368
sh.600602,2026-06-30,15.69,16.38,15.35,16.08,23678502,377914765.39,2.2041,112.115971
sh.600603,2026-06-29,4.35,4.44,4.2,4.37,17480094,75360950.68,1.4865,29.260944
sh.600603,2026-06-30,4.34,4.49,4.28,4.35,15720116,68721794.92,1.3368,29.127027
sh.600604,2026-06-29,3.99,4.04,3.89,4.03,7956800,31635103.0,0.5653,-21.421227
sh.600604,2026-06-30,4.0,4.03,3.95,3.99,6078874,24239161.88,0.4319,-21.208609
sh.600605,2026-06-29,29.2,29.2,28.1,29.07,3972900,113739311.0,1.926,258.420372
sh.600605,2026-06-30,28.78,29.14,28.22,28.92,3203624,91623718.72,1.553,257.086933
sh.600606,2026-06-29,1.24,1.26,1.2,1.23,107493664,132087158.95,0.7648,-0.671031
sh.600606,2026-06-30,1.23,1.25,1.2,1.21,85947992,104877093.78,0.6115,-0.66012
sh.600609,2026-06-29,3.15,3.18,3.06,3.14,19493139,60812381.29,1.4942,19.492239
sh.600609,2026-06-30,3.14,3.15,3.09,3.12,16774021,52315056.92,1.2858,19.368084
sh.600610,2026-06-29,6.59,6.65,6.38,6.52,12892564,83886192.84,1.8191,125.973936
sh.600610,2026-06-30,6.52,6.58,6.38,6.55,13046352,85058163.63,1.8408,126.55357
sh.600611,2026-06-29,3.76,3.83,3.6,3.81,40969303,152714310.78,2.6207,-155.9706
sh.600611,2026-06-30,3.79,3.81,3.73,3.77,24802077,93279243.01,1.5865,-154.333113
sh.600612,2026-06-29,32.24,32.97,31.51,32.63,1857856,60210058.57,0.5859,10.10635
sh.600612,2026-06-30,32.63,32.63,31.75,32.15,1269233,40744749.67,0.4003,9.957681
sh.600613,2026-06-29,4.47,4.65,4.33,4.61,8905314,40324334.9,1.8579,68.137633
sh.600613,2026-06-30,4.59,4.62,4.38,4.44,9195325,41097712.4,1.9184,65.624966
sh.600615,2026-06-29,9.19,9.53,9.01,9.33,5331760,49709879.4,2.3669,-151.498327
sh.600615,2026-06-30,9.35,9.63,9.04,9.24,4366601,40195970.37,1.9384,-150.036929
sh.600616,2026-06-29,3.86,3.88,3.7,3.82,8549650,32551479.9,1.278,6212.991004
sh.600616,2026-06-30,3.81,3.86,3.71,3.75,7158340,26965622.12,1.07,6099.140383
sh.600617,2026-06-29,2.62,2.65,2.53,2.63,27951085,72644608.75,1.5742,-18.429251
sh.600617,2026-06-30,2.63,2.71,2.6,2.68,24500020,65088296.4,1.3799,-18.779617
sh.600618,2026-06-29,10.13,10.31,10.01,10.21,8872001,90224264.19,1.1832,14.108178
sh.600618,2026-06-30,10.11,10.12,9.86,10.05,9312401,92933474.91,1.2419,13.88709
sh.600619,2026-06-29,15.15,15.98,14.76,15.86,63671439,979989542.79,8.0681,131.969488
sh.600619,2026-06-30,15.36,16.08,15.33,15.85,45624583,720286891.0,5.7813,131.886279
sh.600620,2026-06-29,3.88,4.01,3.81,3.96,9400470,36722056.97,1.369,445.540895
sh.600620,2026-06-30,3.88,4.03,3.88,3.95,7104450,28038189.5,1.0346,444.415792
sh.600621,2026-06-29,12.91,13.05,12.68,12.86,11153597,143573944.36,1.0513,20.874554
sh.600621,2026-06-30,12.81,13.03,12.71,12.92,9411038,120992322.79,0.8871,20.971947
sh.600622,2026-06-29,2.0,2.02,1.92,1.99,23134778,45749414.32,1.5426,-2.155567
sh.600622,2026-06-30,1.99,2.01,1.93,1.96,18229050,35756559.0,1.2155,-2.123071
sh.600623,2026-06-29,7.67,7.86,7.52,7.78,20802589,160499248.85,1.1089,29.222535
sh.600623,2026-06-30,7.62,8.38,7.57,8.07,43103139,344359777.66,2.2976,30.264108
sh.600626,2026-06-29,3.23,3.25,3.1,3.22,14840800,47224355.0,1.3394,95.73224
sh.600626,2026-06-30,3.2,3.24,3.14,3.19,10990500,34937739.0,0.9919,94.840325
sh.600628,2026-06-29,5.67,5.8,5.59,5.74,6806238,38790095.5,1.0522,51.571581
sh.600628,2026-06-30,5.7,5.76,5.6,5.63,5557718,31433558.9,0.8592,50.583276
sh.600629,2026-06-29,11.74,12.27,11.64,11.92,20615647,245393262.86,1.793,881.547288
sh.600629,2026-06-30,11.93,12.15,11.7,12.11,13912510,166739610.65,1.21,895.598797
sh.600630,2026-06-29,9.71,9.94,9.54,9.63,41333782,400814307.37,9.7288,76.264058
sh.600630,2026-06-30,9.7,9.95,9.61,9.74,38569738,377451650.37,9.0782,77.135195
sh.600633,2026-06-29,9.99,10.19,9.82,10.04,18622784,186498220.28,1.4686,21.619777
sh.600633,2026-06-30,10.06,10.18,9.93,10.18,17043508,171440169.36,1.344,21.921248
sh.600635,2026-06-29,4.24,4.26,4.14,4.23,38030431,160365813.1,1.5723,45.935334
sh.600635,2026-06-30,4.22,4.31,4.2,4.28,29381659,125116817.68,1.2147,46.478305
sh.600637,2026-06-29,8.28,8.38,8.1,8.22,42850667,351718167.06,1.2746,49.499754
sh.600637,2026-06-30,8.2,8.38,8.14,8.31,39060899,323682470.86,1.1619,50.041723
sh.600638,2026-06-29,4.45,4.59,4.29,4.55,14500900,64548949.6,2.1534,23.875358
sh.600638,2026-06-30,4.5,4.52,4.33,4.37,13031700,57287147.2,1.9352,22.930838
sh.600639,2026-06-29,9.4,9.46,9.21,9.36,3540016,33115177.6,0.4164,10.074219
sh.600639,2026-06-30,9.36,9.36,9.07,9.12,3947090,36229522.85,0.4642,9.815906
