concept_code,trade_date,open,high,low,close,volume,amount
308614,2026-06-26,1147.933,1149.931,1104.413,1104.413,820848950,11039543400.0
309121,2026-06-26,2699.011,2714.813,2630.637,2648.652,10217964600,230875510000.0
309120,2026-06-26,2398.038,2405.587,2335.936,2356.726,2808797400,152837570000.0
309126,2026-06-26,1110.646,1110.646,1070.459,1070.459,2049524200,31096568000.0
301558,2026-06-26,1891.932,1891.932,1830.949,1830.949,11040894800,328105410000.0
300800,2026-06-26,4892.813,4907.462,4785.913,4785.913,4246452700,119517617000.0
301496,2026-06-26,5768.383,5776.903,5633.173,5633.173,866562630,19236733000.0
309084,2026-06-26,1393.733,1422.353,1381.708,1386.997,2903510600,65903091000.0
301259,2026-06-26,1861.381,1861.381,1808.976,1808.976,8213642300,183282050000.0
305376,2026-06-26,1921.586,1931.157,1894.593,1902.854,665888480,14444542000.0
307550,2026-06-26,1243.496,1244.053,1218.056,1219.047,1384494800,13340963000.0
308972,2026-06-26,2089.691,2089.691,2032.338,2032.338,22920161000,644549540000.0
300018,2026-06-26,1302.364,1302.985,1266.387,1266.387,3329611600,25307756000.0
306912,2026-06-26,2580.044,2580.044,2503.731,2503.731,10839468700,356608220000.0
300100,2026-06-26,1392.012,1392.622,1357.823,1357.823,3541254200,46280107000.0
300157,2026-06-26,1393.476,1402.626,1368.816,1377.044,602121610,11286281800.0
301270,2026-06-26,1398.392,1398.392,1367.38,1367.38,9312100100,88598545000.0
309094,2026-06-26,1575.573,1575.573,1534.76,1534.852,9310986600,175184970000.0
308432,2026-06-26,1986.261,1986.958,1948.955,1948.955,5029452000,163400090000.0
308969,2026-06-26,1596.277,1605.792,1557.8,1557.8,5497727600,41253035000.0
309056,2026-06-26,2825.475,2829.212,2733.851,2740.384,1851370400,66072034000.0
300926,2026-06-26,3886.991,3893.802,3762.219,3783.288,2712161800,114092717000.0
306750,2026-06-26,1371.362,1372.646,1346.733,1347.019,3829111900,50136944000.0
300163,2026-06-26,1143.755,1145.102,1118.764,1118.764,8129827700,196298420000.0
309045,2026-06-26,1879.74,1881.882,1846.249,1851.437,1012029410,21053048000.0
300786,2026-06-26,6566.792,6567.396,6391.429,6391.429,16173253000,337384930000.0
308588,2026-06-26,1322.447,1322.447,1288.764,1288.764,1275343990,22311761000.0
308822,2026-06-26,697.784,701.227,672.059,672.059,697170810,12459603300.0
308753,2026-06-26,1617.645,1622.853,1571.927,1571.927,4291434200,54550007000.0
301016,2026-06-26,1755.022,1764.647,1718.174,1723.873,12036624100,322436360000.0
300168,2026-06-26,3400.236,3400.236,3321.697,3321.697,15435396000,378848190000.0
308014,2026-06-26,1158.013,1161.758,1119.621,1119.621,4083118900,78450969000.0
306380,2026-06-26,2625.525,2625.525,2557.773,2557.773,36255017000,777226830000.0
307940,2026-06-26,3355.528,3426.737,3304.027,3374.494,10380009900,753845240000.0
301123,2026-06-26,1455.074,1459.45,1437.817,1444.501,420486990,4035422300.0
300013,2026-06-26,3892.097,3892.097,3811.8,3818.769,4728776200,111249774000.0
308696,2026-06-26,903.844,903.844,884.118,885.62,826176400,11228980600.0
307816,2026-06-26,3729.99,3834.908,3658.636,3746.736,3145379400,289051080000.0
300733,2026-06-26,2124.843,2124.843,2064.78,2064.78,22062813000,680102910000.0
302027,2026-06-26,464.249,467.331,451.206,455.302,1788616700,20924778000.0
308869,2026-06-26,1224.556,1224.556,1188.732,1188.732,584005930,8636553700.0
309115,2026-06-26,2153.228,2153.228,2102.834,2102.834,14808405000,366144050000.0
308700,2026-06-26,3174.684,3225.986,3129.639,3164.979,9555101300,439989980000.0
301623,2026-06-26,1224.55,1224.816,1199.834,1199.834,2199538000,15662781000.0
308477,2026-06-26,2028.378,2029.986,1961.965,1961.965,1831606800,33340763000.0
307822,2026-06-26,930.679,930.679,894.433,894.433,3970577300,111098512000.0
308828,2026-06-26,2347.159,2347.159,2277.757,2280.011,17048195000,538145820000.0
308537,2026-06-26,1358.097,1366.975,1323.069,1324.187,806626880,6339065700.0
308366,2026-06-26,1645.408,1645.408,1597.253,1597.253,7281830900,206579090000.0
309093,2026-06-26,1193.38,1195.373,1163.405,1166.375,3948606000,40522627000.0
308002,2026-06-26,1903.952,1903.952,1856.853,1856.853,4605505900,92069576000.0
309104,2026-06-26,1271.764,1271.764,1232.035,1232.035,4696773500,90377823000.0
301135,2026-06-26,1436.803,1481.012,1426.048,1450.71,6220036900,72495997000.0
308803,2026-06-26,1581.64,1581.64,1525.025,1531.099,586071600,35242668000.0
309058,2026-06-26,1295.306,1295.306,1256.681,1256.681,795592840,14321786000.0
300891,2026-06-26,2080.58,2080.58,2032.317,2032.317,2887069100,33782474000.0
308555,2026-06-26,1683.882,1683.882,1643.233,1643.233,848565890,15817712000.0
308850,2026-06-26,1412.888,1412.888,1380.427,1384.279,3221527700,50732956000.0
308977,2026-06-26,4999.815,4999.815,4764.751,4808.307,1371029500,145168290000.0
308572,2026-06-26,1469.089,1471.304,1418.88,1418.887,2365066300,27595140000.0
301174,2026-06-26,1442.553,1445.323,1408.004,1408.004,2839346400,21969305000.0
309113,2026-06-26,1892.06,1892.06,1845.95,1845.95,3331091400,80205609000.0
300200,2026-06-26,1341.392,1342.317,1308.056,1308.056,18406624000,348634400000.0
308438,2026-06-26,1992.199,1993.721,1930.663,1931.803,57254628,954224270.0
300085,2026-06-26,6110.429,6142.649,5939.684,5973.175,3951109200,119232792000.0
301236,2026-06-26,1562.559,1562.559,1524.847,1524.847,3742353700,84138564000.0
307954,2026-06-26,4373.697,4385.22,4252.963,4281.575,3263085900,185125950000.0
308708,2026-06-26,1157.02,1158.877,1120.321,1120.321,1128465840,18527395000.0
308991,2026-06-26,1286.537,1308.444,1274.139,1275.115,8653956400,164732450000.0
308915,2026-06-26,1005.379,1007.417,970.882,970.882,1787090600,23020624000.0
300890,2026-06-26,3441.872,3448.375,3373.638,3373.638,10150365000,275120120000.0
309124,2026-06-26,1399.54,1399.54,1375.102,1375.102,9663231100,107459060000.0
301518,2026-06-26,3676.528,3676.528,3609.888,3611.192,4945525000,85203114000.0
308806,2026-06-26,2067.914,2067.914,2003.574,2005.847,3013008900,121214784000.0
309023,2026-06-26,1052.043,1054.632,1020.255,1021.878,188611650,2505465400.0
309049,2026-06-26,7377.182,7402.815,7133.682,7187.795,15342336000,806879960000.0
308732,2026-06-26,1458.803,1458.803,1426.578,1426.578,3879147200,72481980000.0
301477,2026-06-26,1346.047,1346.621,1313.897,1315.103,721912400,7115716600.0
301780,2026-06-26,2691.713,2691.713,2629.4,2629.4,20351491000,395447320000.0
300941,2026-06-26,2142.458,2142.458,2081.512,2081.512,2669654000,102384068000.0
302154,2026-06-26,1092.786,1092.786,1070.279,1072.056,12109994500,252034320000.0
301630,2026-06-26,1263.297,1264.851,1240.286,1245.064,1000425440,10542986500.0
301079,2026-06-26,4748.277,4773.175,4667.829,4676.686,28656673000,730587240000.0
309085,2026-06-26,3301.521,3425.36,3290.895,3357.226,1256869150,107636534000.0
308582,2026-06-26,6039.343,6186.399,6004.993,6099.408,2393862100,110543388000.0
300223,2026-06-26,999.008,1003.606,983.151,986.21,2172171000,14431600000.0
300221,2026-06-26,2157.621,2157.905,2101.6,2101.6,4101498300,47912783000.0
308829,2026-06-26,1219.676,1249.292,1215.073,1231.389,6504205400,92605363000.0
308531,2026-06-26,1697.884,1697.884,1656.2,1659.238,2591367000,89912697000.0
300082,2026-06-26,2488.416,2489.103,2439.208,2443.395,18560407000,495570000000.0
309034,2026-06-26,1362.967,1362.967,1336.381,1336.381,58243571000,908252880000.0
308874,2026-06-26,1390.646,1390.646,1344.401,1344.401,1903000400,36522984000.0
308294,2026-06-26,1668.194,1668.194,1615.337,1615.402,10977970500,394918120000.0
302174,2026-06-26,2903.155,2905.166,2746.189,2746.189,2570925600,59962724000.0
302166,2026-06-26,1026.757,1027.045,999.302,1000.128,193756490,1820891200.0
301669,2026-06-26,1002.871,1002.939,984.611,984.611,393685690,2539730700.0
300105,2026-06-26,3737.289,3738.664,3656.484,3656.484,9321947100,240914000000.0
308428,2026-06-26,1433.343,1433.343,1386.98,1386.98,1416418900,18045115000.0
300066,2026-06-26,1897.645,1897.645,1857.998,1858.171,10334674900,330952940000.0
301470,2026-06-26,3467.821,3467.821,3393.202,3403.315,2548253300,72388999000.0
300236,2026-06-26,2011.524,2011.631,1965.372,1976.105,1269631790,34849440000.0
300973,2026-06-26,1571.732,1571.732,1537.563,1537.563,2760027000,26130701000.0
309051,2026-06-26,2287.579,2287.579,2217.524,2228.764,5274194200,235254200000.0
309129,2026-06-26,1443.547,1445.281,1406.118,1406.118,2853652500,51165898000.0
300238,2026-06-26,4201.913,4203.218,4105.091,4105.091,13166293800,245785380000.0
308547,2026-06-26,1595.95,1595.95,1565.984,1571.351,1188672570,8670047400.0
300087,2026-06-26,1836.642,1842.855,1810.801,1813.718,1221903630,17488600000.0
301424,2026-06-26,1649.891,1654.812,1616.19,1618.974,1458796100,27364068000.0
301209,2026-06-26,5624.277,5624.277,5448.08,5448.08,6734378200,96635574000.0
308731,2026-06-26,1723.005,1723.005,1669.463,1669.463,5646303500,112082683000.0
308941,2026-06-26,800.793,801.858,775.131,775.131,1019301910,14710173000.0
301104,2026-06-26,943.879,943.879,923.207,927.41,2334140200,38832053000.0
308775,2026-06-26,1560.164,1560.164,1520.841,1520.841,2099737800,59714471000.0
300248,2026-06-26,3606.524,3606.524,3467.069,3482.319,5554026300,78652546000.0
308202,2026-06-26,1658.315,1667.308,1619.523,1621.912,1319262670,21333155000.0
301459,2026-06-26,3645.285,3645.285,3558.71,3562.472,39564939000,1068364050000.0
308527,2026-06-26,4623.405,4655.381,4515.875,4526.283,2163401500,90048284000.0
308883,2026-06-26,1315.19,1315.19,1270.756,1270.756,4286154200,94320306000.0
308887,2026-06-26,1390.238,1390.238,1346.551,1346.551,1025939650,21895077000.0
308507,2026-06-26,2991.021,2991.021,2917.379,2917.379,5140196900,140414760000.0
309090,2026-06-26,1573.934,1573.934,1516.197,1516.197,2283386600,60981898000.0
301490,2026-06-26,2414.673,2414.673,2365.466,2366.158,59595658000,1513076400000.0
301628,2026-06-26,893.353,894.069,858.072,858.155,1321383490,31830442000.0
309081,2026-06-26,1243.033,1250.525,1201.668,1201.668,901819010,22356204000.0
309000,2026-06-26,1932.383,1933.754,1877.474,1877.474,3175299800,83328796000.0
300261,2026-06-26,1345.207,1354.288,1326.907,1326.907,2708183700,25482304000.0
308885,2026-06-26,1095.729,1097.563,1064.655,1064.655,651811440,13141173800.0
300814,2026-06-26,4081.131,4089.741,4001.532,4001.83,3419688000,130236539000.0
300061,2026-06-26,1878.823,1878.823,1837.088,1837.088,8960438100,131270258000.0
301032,2026-06-26,1101.315,1101.478,1079.196,1079.237,1073847700,22558445000.0
301107,2026-06-26,1238.179,1238.231,1192.748,1192.748,5104973500,97812049000.0
308864,2026-06-26,1871.311,1871.311,1787.408,1796.609,3409932300,53898522000.0
301582,2026-06-26,2110.415,2110.415,2017.453,2023.77,3478176100,52178975000.0
300816,2026-06-26,4087.651,4087.651,3988.897,3988.897,35502612000,1010133370000.0
301258,2026-06-26,2062.684,2070.151,2019.978,2021.463,5704633200,209192150000.0
301146,2026-06-26,1860.091,1862.952,1806.913,1806.913,1100932290,26483312000.0
309128,2026-06-26,1671.861,1673.252,1627.986,1649.049,2441475400,48466420000.0
301786,2026-06-26,1590.58,1596.204,1561.629,1572.993,7646389300,145237580000.0
300269,2026-06-26,2781.82,2784.897,2725.459,2729.583,322135700,4182716800.0
308699,2026-06-26,870.669,872.878,838.246,842.782,207473670,32917016000.0
301117,2026-06-26,1524.087,1524.743,1491.778,1498.975,1821408000,29952009000.0
309108,2026-06-26,2559.258,2559.258,2492.864,2496.306,5459502200,147430340000.0
300277,2026-06-26,1442.104,1442.119,1411.986,1422.013,638789760,4638812900.0
309066,2026-06-26,1293.954,1301.139,1270.975,1276.567,1148704750,23867181000.0
309007,2026-06-26,1475.879,1483.12,1448.522,1448.562,1770962000,28300134000.0
308659,2026-06-26,1827.787,1827.787,1767.126,1767.126,2323774100,31266463000.0
301564,2026-06-26,899.433,899.545,881.134,881.134,7550542600,98881772000.0
308566,2026-06-26,1755.599,1755.599,1709.68,1709.68,2145763200,21168794000.0
301179,2026-06-26,1661.927,1662.577,1627.274,1627.274,3671552100,43111073000.0
301248,2026-06-26,1651.388,1651.388,1600.764,1600.764,1402014400,31624752000.0
308956,2026-06-26,734.649,734.843,720.656,722.259,1027406920,7845430700.0
300830,2026-06-26,2569.292,2569.292,2501.456,2501.456,4130558200,192602440000.0
300098,2026-06-26,3281.951,3292.016,3204.345,3211.241,3206278900,79216644000.0
300038,2026-06-26,1293.769,1295.883,1252.186,1252.186,2211732600,29215801000.0
308926,2026-06-26,1556.908,1556.908,1521.041,1525.704,654870190,8881052400.0
308760,2026-06-26,1150.805,1153.023,1126.718,1126.718,21968721000,287864000000.0
300923,2026-06-26,1460.02,1468.488,1442.575,1452.274,1348395300,10461822000.0
301223,2026-06-26,2516.224,2516.224,2465.539,2468.963,4453441100,39870074000.0
308893,2026-06-26,992.93,994.415,974.717,975.689,305786410,3889801300.0
302150,2026-06-26,1478.784,1478.784,1435.205,1435.205,3031450200,42704838000.0
300084,2026-06-26,2279.752,2280.027,2234.789,2236.706,5042086400,62086102000.0
308716,2026-06-26,2150.066,2150.556,2086.401,2086.401,4738343600,44104952000.0
308657,2026-06-26,853.753,853.753,833.234,833.234,861316260,7681445200.0
308834,2026-06-26,1630.13,1630.13,1594.515,1606.138,809539900,7536520400.0
308628,2026-06-26,3291.888,3358.119,3263.649,3285.636,12475210000,287482080000.0
301346,2026-06-26,1352.36,1352.36,1314.597,1314.777,6477670100,49126525000.0
301096,2026-06-26,1413.613,1413.613,1359.214,1359.265,5069602900,154730480000.0
308535,2026-06-26,1530.398,1530.398,1477.412,1477.412,1773945500,33913188000.0
308748,2026-06-26,1521.547,1521.547,1474.587,1481.403,2336025700,22444208000.0
301511,2026-06-26,1326.434,1328.722,1265.583,1265.583,2642455000,41408000000.0
301632,2026-06-26,1552.905,1556.49,1532.037,1536.712,1178900060,6453819500.0
301306,2026-06-26,1234.838,1241.135,1212.453,1212.453,1638312700,40105371000.0
308016,2026-06-26,2134.17,2134.832,2092.742,2092.742,1737151700,12637821800.0
301154,2026-06-26,3753.047,3842.271,3737.3,3770.689,16061104000,423815850000.0
308832,2026-06-26,3327.983,3346.73,3246.873,3272.803,11576126000,471582350000.0
309105,2026-06-26,2137.021,2137.021,2077.548,2085.08,1111355060,43625413000.0
308774,2026-06-26,2965.735,2988.593,2904.27,2914.039,923622140,29528560000.0
309030,2026-06-26,2673.838,2686.577,2605.02,2633.52,2927567000,111540410000.0
301497,2026-06-26,1414.987,1416.545,1381.702,1381.702,646261730,6725842500.0
308709,2026-06-26,1560.113,1560.113,1516.232,1516.232,588867890,9921033300.0
300309,2026-06-26,7041.687,7067.101,6858.712,6890.382,11484790000,340066200000.0
300134,2026-06-26,1809.246,1820.602,1783.606,1784.367,676283770,13491406000.0
309040,2026-06-26,881.678,888.712,867.958,867.958,715505070,14984228000.0
301624,2026-06-26,860.527,860.854,846.145,846.145,6368369600,46123712000.0
308694,2026-06-26,1601.278,1601.278,1553.137,1555.057,1123750260,14279155000.0
301471,2026-06-26,6329.841,6350.115,6175.776,6197.24,14888725000,714511000000.0
308805,2026-06-26,2138.812,2138.812,2079.832,2079.852,2400952500,68511723000.0
308725,2026-06-26,1621.462,1638.336,1579.701,1595.496,6559689800,384138170000.0
300220,2026-06-26,1787.764,1798.461,1730.53,1730.53,6016968300,69690063000.0
301794,2026-06-26,1791.633,1799.36,1736.624,1736.624,146409640,2646667400.0
308491,2026-06-26,2725.798,2725.933,2667.852,2667.852,14423304000,298022800000.0
300075,2026-06-26,1941.062,1950.142,1895.529,1895.692,402139000,4184193600.0
302045,2026-06-26,1421.567,1421.567,1380.345,1380.345,9766562200,171294160000.0
301292,2026-06-26,1570.218,1570.831,1535.028,1543.935,779841750,15565907000.0
300316,2026-06-26,2082.912,2082.912,2032.052,2033.869,6877343700,154462330000.0
302035,2026-06-26,1279.684,1279.684,1248.427,1248.427,31980950000,686478900000.0
309119,2026-06-26,2614.935,2614.935,2546.958,2547.826,12790853100,497664030000.0
308517,2026-06-26,1446.782,1450.424,1410.662,1410.99,556965010,6046400200.0
301166,2026-06-26,1315.676,1316.463,1282.715,1282.715,2481396400,61252112000.0
300900,2026-06-26,1827.546,1827.546,1783.705,1783.705,123193735000,3227858000000.0
308467,2026-06-26,3933.688,3996.938,3894.164,3909.03,12461732000,210475130000.0
308810,2026-06-26,1686.618,1688.811,1623.966,1623.966,3321868000,99657507000.0
300983,2026-06-26,1729.939,1731.498,1692.355,1704.188,577854360,4900746100.0
301602,2026-06-26,1016.957,1016.957,994.467,996.794,87226665,611175600.0
301402,2026-06-26,1669.086,1669.086,1636.329,1636.329,1342936400,16737210000.0
301128,2026-06-26,4234.419,4250.307,4181.804,4186.329,1750912400,57253840000.0
309130,2026-06-26,2396.345,2407.541,2356.885,2364.238,17968514000,625317500000.0
301636,2026-06-26,1342.975,1342.975,1309.458,1309.458,71909573000,1801100200000.0
300106,2026-06-26,1484.258,1491.685,1435.084,1435.084,893247070,11628258600.0
308989,2026-06-26,1037.584,1038.523,1016.643,1016.643,1936747200,15284095000.0
301171,2026-06-26,1711.923,1712.126,1676.06,1676.164,959056060,13174653100.0
300180,2026-06-26,1442.118,1442.118,1407.734,1407.921,1391718500,18901186000.0
307512,2026-06-26,1140.933,1140.933,1097.879,1097.879,1052294360,14887841000.0
300337,2026-06-26,1905.387,1907.751,1858.723,1858.85,3417169800,61599722000.0
300023,2026-06-26,4465.05,4474.006,4380.502,4380.502,1349828800,26289584000.0
301050,2026-06-26,2572.991,2582.286,2504.331,2528.986,2585846300,30708770000.0
300345,2026-06-26,2355.404,2355.404,2306.895,2306.895,7551040100,126948436000.0
307826,2026-06-26,1117.205,1117.205,1089.879,1089.879,1877228500,10074546600.0
308801,2026-06-26,1101.773,1101.773,1067.935,1067.935,4867517400,153578200000.0
309037,2026-06-26,1411.955,1412.295,1379.531,1379.54,2093740500,25617911000.0
309060,2026-06-26,1143.931,1143.931,1111.79,1111.79,10067326400,183297570000.0
301997,2026-06-26,1850.782,1850.782,1787.955,1787.955,1962658500,44853741000.0
308870,2026-06-26,1499.408,1499.408,1461.958,1461.958,14790686000,271046640000.0
308479,2026-06-26,1884.107,1886.279,1843.323,1843.388,5535171200,113396950000.0
309050,2026-06-26,1094.141,1094.492,1064.452,1064.452,888215930,17690614000.0
308525,2026-06-26,1682.699,1682.699,1640.47,1640.47,2326480200,46357797000.0
300862,2026-06-26,459.031,465.849,454.463,460.583,3568581500,14925464000.0
309068,2026-06-26,1441.579,1441.579,1393.21,1393.21,8201473100,168786520000.0
300351,2026-06-26,2001.753,2018.865,1945.679,1945.679,707853690,6764434000.0
300795,2026-06-26,2256.181,2275.922,2209.761,2238.68,1413479100,56584948000.0
300931,2026-06-26,991.735,992.885,969.473,969.473,6038030800,61340525000.0
300352,2026-06-26,2157.589,2161.275,2119.311,2120.709,2469147200,53909739000.0
308728,2026-06-26,1943.251,1944.327,1896.356,1896.356,10162193000,134936980000.0
300845,2026-06-26,2961.72,2961.72,2879.837,2881.256,2018512300,10456969800.0
300353,2026-06-26,5397.937,5401.352,5232.162,5238.468,5785495200,171714240000.0
302010,2026-06-26,1294.443,1294.443,1254.739,1254.739,10137126600,250805020000.0
302674,2026-06-26,459.66,460.465,452.246,453.535,1382200200,8655808000.0
301121,2026-06-26,5902.198,5902.198,5739.849,5739.849,8757621600,310556100000.0
301229,2026-06-26,1062.991,1062.991,1029.894,1030.137,449594800,4292909900.0
300358,2026-06-26,1579.277,1579.277,1549.212,1549.212,4634606700,61641908000.0
301605,2026-06-26,953.72,953.792,933.207,935.723,3552042800,32651511000.0
301577,2026-06-26,1825.655,1825.857,1745.591,1746.019,5937489300,106597229000.0
309127,2026-06-26,1823.239,1823.642,1774.067,1775.672,4223106500,235144990000.0
308718,2026-06-26,824.578,827.236,806.594,806.594,13617123000,366974490000.0
309062,2026-06-26,1115.545,1116.423,1093.011,1093.011,9568883400,158200450000.0
309125,2026-06-26,3662.022,3662.022,3502.194,3520.08,2305569300,124248459000.0
308901,2026-06-26,1222.817,1222.817,1200.51,1200.51,2915999600,20889766000.0
308992,2026-06-26,1224.648,1242.561,1215.424,1216.168,4041252200,105443325000.0
300858,2026-06-26,1716.448,1716.448,1682.083,1683.504,1277302940,6116347800.0
308862,2026-06-26,931.035,931.035,908.475,911.9,531451410,3950566800.0
300925,2026-06-26,1025.824,1026.307,1000.911,1000.911,3007896600,26136298000.0
308630,2026-06-26,1301.806,1302.007,1272.229,1277.598,2613688400,22975690000.0
300019,2026-06-26,1501.178,1503.599,1460.895,1472.903,3079265400,41108608000.0
302142,2026-06-26,1328.181,1328.181,1295.644,1295.644,626293100,5892297900.0
308300,2026-06-26,2003.054,2017.312,1953.959,1971.091,2836315200,176876080000.0
300722,2026-06-26,4936.776,4956.351,4838.52,4860.536,9223546700,314061480000.0
300806,2026-06-26,2515.827,2515.827,2450.629,2462.736,5919614200,50771911000.0
308791,2026-06-26,2400.233,2400.233,2317.057,2337.284,1775847800,77812592000.0
300378,2026-06-26,3045.32,3045.32,2965.967,2965.967,17237267000,475535820000.0
300889,2026-06-26,3207.93,3213.4,3141.526,3148.236,13059412100,365030010000.0
301286,2026-06-26,2979.026,2983.902,2914.694,2914.694,11844478100,452567040000.0
304756,2026-06-26,1210.809,1210.809,1173.432,1173.432,561633720,3182097400.0
300374,2026-06-26,1738.819,1739.377,1704.416,1704.416,5400120700,75580222000.0
300723,2026-06-26,2381.381,2387.504,2316.927,2333.435,2262448000,71260432000.0
308612,2026-06-26,2861.746,2864.332,2784.453,2791.744,4232491400,194058590000.0
308717,2026-06-26,1072.453,1072.453,1051.794,1051.794,5890160800,38523865000.0
302182,2026-06-26,1096.049,1096.299,1076.063,1076.063,7007389600,76691304000.0
300836,2026-06-26,1048.979,1048.979,1028.771,1028.771,12504945600,176276190000.0
309004,2026-06-26,3408.032,3481.708,3380.297,3426.894,14391045000,617913030000.0
308636,2026-06-26,2019.806,2022.146,1977.79,1980.785,1646124600,31967821000.0
308384,2026-06-26,3678.249,3702.304,3597.482,3612.547,19838313000,734612830000.0
300809,2026-06-26,3803.465,3805.605,3668.208,3672.277,10926027400,242695870000.0
301278,2026-06-26,2263.717,2272.457,2213.04,2219.245,20050156000,559322930000.0
309106,2026-06-26,1662.982,1662.982,1623.092,1623.092,2918030800,127662055000.0
301543,2026-06-26,1038.66,1043.381,1004.119,1004.119,936841960,18012250000.0
309020,2026-06-26,1949.531,1949.531,1890.984,1890.984,7528891300,202518330000.0
309086,2026-06-26,1442.919,1446.458,1406.986,1408.07,1981241300,47957681000.0
300870,2026-06-26,15476.174,15476.174,14930.921,14931.522,977309920,70901344000.0
300386,2026-06-26,934.915,935.876,918.225,918.225,5136357600,50898110000.0
300008,2026-06-26,4979.464,4979.464,4849.306,4850.281,30272941000,971324110000.0
301085,2026-06-26,5730.291,5785.988,5638.255,5675.636,41565377000,1833152000000.0
301377,2026-06-26,1068.268,1068.268,1034.038,1034.038,797334000,5133947100.0
300756,2026-06-26,5260.203,5260.203,5106.063,5106.063,5634220600,149123070000.0
300841,2026-06-26,1208.013,1210.054,1187.616,1187.616,5609753600,44185036000.0
309089,2026-06-26,1770.656,1770.737,1726.508,1726.508,5494661800,191895060000.0
301362,2026-06-26,2245.388,2245.388,2169.848,2172.714,1474056300,55654791000.0
300382,2026-06-26,3965.075,3965.075,3810.045,3827.959,3797113000,77093694000.0
309042,2026-06-26,1618.957,1621.367,1560.778,1560.778,413791060,9688709000.0
308761,2026-06-26,1563.145,1564.246,1520.397,1520.397,9920449500,127114389000.0
308794,2026-06-26,1295.176,1295.176,1263.111,1264.404,5930280400,78220874000.0
301699,2026-06-26,1048.107,1056.7,1031.091,1033.112,17696532000,349075100000.0
308733,2026-06-26,1159.22,1159.22,1129.566,1134.342,891082300,33652413000.0
308560,2026-06-26,1512.783,1513.698,1474.961,1474.961,539846280,8389327200.0
301576,2026-06-26,1037.589,1057.062,1025.206,1037.147,447142660,4641180500.0
301494,2026-06-26,1960.143,1960.143,1912.582,1912.862,5124533500,52055173000.0
301546,2026-06-26,3059.56,3059.56,3000.964,3000.964,19104366000,354939350000.0
307904,2026-06-26,1942.985,1942.985,1859.344,1859.344,2174650700,60491204000.0
301252,2026-06-26,1616.023,1617.59,1567.972,1567.988,911172880,20399792000.0
309061,2026-06-26,2499.603,2499.603,2435.48,2440.582,10030889600,446527930000.0
300402,2026-06-26,2597.142,2597.142,2542.293,2542.293,2346914900,22030646000.0
301365,2026-06-26,2332.369,2332.369,2282.574,2282.574,26126420000,463627720000.0
300188,2026-06-26,2166.315,2166.315,2093.799,2093.799,1735425100,31510259000.0
308712,2026-06-26,1190.275,1190.275,1153.603,1153.608,1319752380,25355123000.0
309065,2026-06-26,2016.821,2018.814,1960.489,1961.121,3490494000,179603860000.0
308984,2026-06-26,1258.967,1259.998,1231.375,1231.375,1527335900,28991562000.0
301505,2026-06-26,2921.976,2921.976,2848.424,2848.424,12043993000,229694440000.0
301279,2026-06-26,2281.072,2308.48,2248.476,2284.555,1879955000,46024614000.0
308818,2026-06-26,936.12,937.36,904.788,904.788,966465240,11590931700.0
308752,2026-06-26,1800.464,1811.953,1764.697,1777.272,7744076000,128324476000.0
301491,2026-06-26,2680.725,2680.725,2618.593,2618.62,16151407000,418408190000.0
301572,2026-06-26,2087.086,2091.079,2049.897,2056.205,709957550,5543560300.0
308634,2026-06-26,1714.816,1714.816,1660.238,1660.238,896864430,16191031000.0
300419,2026-06-26,3743.934,3743.934,3624.229,3624.229,7159630800,158981590000.0
308624,2026-06-26,1527.621,1529.646,1481.64,1504.524,1417324000,25178669000.0
300917,2026-06-26,1872.395,1872.395,1822.819,1822.819,1485736800,33833389000.0
308814,2026-06-26,918.207,922.091,904.211,906.905,2173337400,15792421000.0
301565,2026-06-26,913.076,914.561,884.079,884.079,2479740700,26237695000.0
301227,2026-06-26,2676.406,2683.593,2618.179,2631.452,3704091200,48290867000.0
301713,2026-06-26,1757.379,1758.365,1700.582,1700.758,243188080,13674908000.0
302046,2026-06-26,1065.896,1065.896,1037.229,1037.229,982715340,7724035000.0
300642,2026-06-26,4122.266,4122.266,4029.153,4029.153,11324492500,231831480000.0
308841,2026-06-26,1583.312,1590.994,1548.202,1548.639,1646006800,23810873000.0
308606,2026-06-26,1353.719,1353.719,1312.966,1312.966,4447336200,83193588000.0
301175,2026-06-26,4888.528,4913.78,4776.451,4794.108,14697537000,461230190000.0
300037,2026-06-26,3983.547,3983.547,3859.13,3859.13,8292760400,261276580000.0
300920,2026-06-26,3733.228,3743.593,3659.463,3663.549,7257444500,184630250000.0
301797,2026-06-26,1078.089,1078.089,1055.546,1055.654,5935807200,118812556000.0
300682,2026-06-26,4261.661,4261.661,4130.725,4130.725,11956317800,203921720000.0
302131,2026-06-26,2946.968,2946.968,2856.007,2870.602,2315889200,110640237000.0
309092,2026-06-26,1741.46,1742.121,1692.243,1695.653,10730403400,265705240000.0
308172,2026-06-26,1567.777,1567.777,1522.921,1522.955,984698850,12167537700.0
301539,2026-06-26,1489.85,1491.133,1460.331,1461.709,2763432800,34261140000.0
308854,2026-06-26,1543.228,1543.228,1506.311,1506.311,3685756100,33520282000.0
301541,2026-06-26,2224.031,2224.031,2188.111,2199.754,305716700,11019428100.0
308690,2026-06-26,4148.001,4288.696,4135.121,4222.936,4944800100,338157720000.0
300704,2026-06-26,1735.97,1736.745,1697.797,1697.797,7718627100,139459990000.0
308740,2026-06-26,1742.56,1746.671,1706.027,1708.18,14779370000,711983820000.0
300435,2026-06-26,1545.573,1548.36,1518.87,1522.872,408223280,3880724000.0
308697,2026-06-26,196.993,196.993,190.06,190.06,869202100,64852996000.0
300451,2026-06-26,2035.956,2088.589,2012.064,2049.159,1004027160,9583949100.0
301715,2026-06-26,1081.193,1081.325,1058.692,1058.692,13649578000,255677030000.0
301455,2026-06-26,950.811,950.811,935.012,937.981,2055804800,20725055000.0
305794,2026-06-26,903.095,904.389,888.654,889.322,2597628500,16192241000.0
301100,2026-06-26,1437.147,1440.557,1407.055,1414.259,1026171840,12818117600.0
302034,2026-06-26,719.692,730.238,715.361,715.361,1253854410,8377554200.0
306398,2026-06-26,891.361,891.361,874.328,874.328,1533130800,10901204700.0
300127,2026-06-26,4939.049,4939.049,4823.907,4824.763,4031016600,177994450000.0
300843,2026-06-26,7178.735,7178.735,6980.644,7023.506,19515795000,887481120000.0
309055,2026-06-26,2865.816,2870.338,2799.001,2811.442,4634296700,224343080000.0
309265,2026-06-26,1300.421,1300.421,1255.827,1257.613,4117034100,203842280000.0
309264,2026-06-26,818.059,818.059,794.973,794.973,17519395000,257097690000.0
309261,2026-06-26,1270.32,1270.32,1238.137,1238.137,4252778500,53867204000.0
309187,2026-06-26,2123.273,2123.273,2037.186,2042.653,2612388600,240758500000.0
309185,2026-06-26,1046.058,1046.058,1023.189,1035.272,158716560,1636979900.0
309184,2026-06-26,1570.574,1570.574,1529.371,1529.371,22175488000,464217860000.0
309183,2026-06-26,1317.935,1317.935,1278.837,1278.837,12497545000,236740470000.0
309182,2026-06-26,1419.206,1424.3,1381.549,1385.252,2115246000,29749024000.0
309177,2026-06-26,2486.917,2486.917,2421.253,2423.456,1697114000,200530860000.0
309174,2026-06-26,1151.61,1151.61,1123.479,1126.015,5449672100,44079009000.0
309170,2026-06-26,943.485,950.909,922.559,922.559,644598890,11597278300.0
309169,2026-06-26,1774.592,1790.473,1741.25,1745.177,1983410200,40599140000.0
309167,2026-06-26,1928.499,1942.137,1888.423,1901.262,1740979900,76930923000.0
309164,2026-06-26,1369.101,1369.101,1322.831,1322.831,2036305700,50388594000.0
309155,2026-06-26,1543.959,1545.404,1513.055,1513.055,815362610,6782778000.0
309154,2026-06-26,1759.502,1759.502,1720.402,1720.402,18668309000,362083130000.0
309152,2026-06-26,3039.159,3059.166,2971.447,2989.185,14628096000,399369080000.0
309151,2026-06-26,4615.202,4629.463,4483.057,4515.567,11278048800,406941100000.0
309136,2026-06-26,2759.232,2793.953,2703.132,2727.796,6902872800,186468130000.0
309135,2026-06-26,1202.999,1205.159,1165.642,1165.642,1359347100,13464927000.0
309134,2026-06-26,1583.769,1583.769,1536.15,1536.15,1160017930,22033620000.0
